TRACE::2026-06-04.18:23:57::SCWPlatform::Trying to open the hw design at E:/XilinxProject/IO_exp/IO_exp2.sw/mb_basic_io/hw/design_1_wrapper.xsa
TRACE::2026-06-04.18:23:57::SCWPlatform::DSA given E:/XilinxProject/IO_exp/IO_exp2.sw/mb_basic_io/hw/design_1_wrapper.xsa
TRACE::2026-06-04.18:23:57::SCWPlatform::DSA absoulate path E:/XilinxProject/IO_exp/IO_exp2.sw/mb_basic_io/hw/design_1_wrapper.xsa
TRACE::2026-06-04.18:23:57::SCWPlatform::DSA directory E:/XilinxProject/IO_exp/IO_exp2.sw/mb_basic_io/hw
TRACE::2026-06-04.18:23:57::SCWPlatform:: Platform Path E:/XilinxProject/IO_exp/IO_exp2.sw/mb_basic_io/hw/design_1_wrapper.xsa
TRACE::2026-06-04.18:23:57::SCWPlatform:: Unique name xilinx:nexys4_ddr::0.0
TRACE::2026-06-04.18:23:57::SCWPlatform::Do not have an existing db opened. 
TRACE::2026-06-04.18:24:02::SCWPlatform::Opened new HwDB with name design_1_wrapper_0
TRACE::2026-06-04.18:24:02::SCWWriter::formatted JSON is {
	"platformName":	"mb_basic_io",
	"sprVersion":	"2.0",
	"mode":	"gui",
	"dsaType":	"Fixed",
	"platformDesc":	"mb_basic_io",
	"platHandOff":	"E:/XilinxProject/IO_exp/design_1_wrapper.xsa",
	"platIntHandOff":	"<platformDir>/hw/design_1_wrapper.xsa",
	"deviceType":	"FPGA",
	"platIsPrebuiltAutogen":	"false",
	"platIsNoBootBsp":	"false",
	"hasFsblMakeHasChanges":	"false",
	"hasPmufwMakeHasChanges":	"false",
	"platPreBuiltFlag":	false,
	"platformSamplesDir":	""
}
TRACE::2026-06-04.18:24:02::SCWWriter::formatted JSON is {
	"platformName":	"mb_basic_io",
	"sprVersion":	"2.0",
	"mode":	"gui",
	"dsaType":	"Fixed",
	"platformDesc":	"mb_basic_io",
	"platHandOff":	"E:/XilinxProject/IO_exp/design_1_wrapper.xsa",
	"platIntHandOff":	"<platformDir>/hw/design_1_wrapper.xsa",
	"deviceType":	"FPGA",
	"platIsPrebuiltAutogen":	"false",
	"platIsNoBootBsp":	"false",
	"hasFsblMakeHasChanges":	"false",
	"hasPmufwMakeHasChanges":	"false",
	"platPreBuiltFlag":	false,
	"platformSamplesDir":	"",
	"platActiveSys":	"mb_basic_io",
	"systems":	[{
			"systemName":	"mb_basic_io",
			"systemDesc":	"mb_basic_io",
			"sysIsBootAutoGen":	"true",
			"systemDispName":	"mb_basic_io"
		}]
}
TRACE::2026-06-04.18:24:02::SCWPlatform::Boot application domains not present, creating them
TRACE::2026-06-04.18:24:02::SCWPlatform::Pure FPGA device, no boot application will be created.
TRACE::2026-06-04.18:24:02::SCWWriter::formatted JSON is {
	"platformName":	"mb_basic_io",
	"sprVersion":	"2.0",
	"mode":	"gui",
	"dsaType":	"Fixed",
	"platformDesc":	"mb_basic_io",
	"platHandOff":	"E:/XilinxProject/IO_exp/design_1_wrapper.xsa",
	"platIntHandOff":	"<platformDir>/hw/design_1_wrapper.xsa",
	"deviceType":	"FPGA",
	"platIsPrebuiltAutogen":	"false",
	"platIsNoBootBsp":	"false",
	"hasFsblMakeHasChanges":	"false",
	"hasPmufwMakeHasChanges":	"false",
	"platPreBuiltFlag":	false,
	"platformSamplesDir":	"",
	"platActiveSys":	"mb_basic_io",
	"systems":	[{
			"systemName":	"mb_basic_io",
			"systemDesc":	"mb_basic_io",
			"sysIsBootAutoGen":	"true",
			"systemDispName":	"mb_basic_io"
		}]
}
TRACE::2026-06-04.18:24:02::SCWPlatform::Trying to open the hw design at E:/XilinxProject/IO_exp/IO_exp2.sw/mb_basic_io/hw/design_1_wrapper.xsa
TRACE::2026-06-04.18:24:02::SCWPlatform::DSA given E:/XilinxProject/IO_exp/IO_exp2.sw/mb_basic_io/hw/design_1_wrapper.xsa
TRACE::2026-06-04.18:24:02::SCWPlatform::DSA absoulate path E:/XilinxProject/IO_exp/IO_exp2.sw/mb_basic_io/hw/design_1_wrapper.xsa
TRACE::2026-06-04.18:24:02::SCWPlatform::DSA directory E:/XilinxProject/IO_exp/IO_exp2.sw/mb_basic_io/hw
TRACE::2026-06-04.18:24:02::SCWPlatform:: Platform Path E:/XilinxProject/IO_exp/IO_exp2.sw/mb_basic_io/hw/design_1_wrapper.xsa
TRACE::2026-06-04.18:24:02::SCWPlatform:: Unique name xilinx:nexys4_ddr::0.0
TRACE::2026-06-04.18:24:02::SCWPlatform::Trying to set the existing hwdb with name design_1_wrapper_0
TRACE::2026-06-04.18:24:02::SCWPlatform::Opened existing hwdb design_1_wrapper_0
TRACE::2026-06-04.18:24:02::SCWPlatform::Found the Hw Db part of the input DSA
TRACE::2026-06-04.18:24:02::SCWPlatform::Trying to open the hw design at E:/XilinxProject/IO_exp/IO_exp2.sw/mb_basic_io/hw/design_1_wrapper.xsa
TRACE::2026-06-04.18:24:02::SCWPlatform::DSA given E:/XilinxProject/IO_exp/IO_exp2.sw/mb_basic_io/hw/design_1_wrapper.xsa
TRACE::2026-06-04.18:24:02::SCWPlatform::DSA absoulate path E:/XilinxProject/IO_exp/IO_exp2.sw/mb_basic_io/hw/design_1_wrapper.xsa
TRACE::2026-06-04.18:24:02::SCWPlatform::DSA directory E:/XilinxProject/IO_exp/IO_exp2.sw/mb_basic_io/hw
TRACE::2026-06-04.18:24:02::SCWPlatform:: Platform Path E:/XilinxProject/IO_exp/IO_exp2.sw/mb_basic_io/hw/design_1_wrapper.xsa
TRACE::2026-06-04.18:24:02::SCWPlatform:: Unique name xilinx:nexys4_ddr::0.0
TRACE::2026-06-04.18:24:02::SCWPlatform::Trying to set the existing hwdb with name design_1_wrapper_0
TRACE::2026-06-04.18:24:02::SCWPlatform::Opened existing hwdb design_1_wrapper_0
TRACE::2026-06-04.18:24:02::SCWPlatform::Found the Hw Db part of the input DSA
TRACE::2026-06-04.18:24:02::SCWPlatform::Trying to open the hw design at E:/XilinxProject/IO_exp/IO_exp2.sw/mb_basic_io/hw/design_1_wrapper.xsa
TRACE::2026-06-04.18:24:02::SCWPlatform::DSA given E:/XilinxProject/IO_exp/IO_exp2.sw/mb_basic_io/hw/design_1_wrapper.xsa
TRACE::2026-06-04.18:24:02::SCWPlatform::DSA absoulate path E:/XilinxProject/IO_exp/IO_exp2.sw/mb_basic_io/hw/design_1_wrapper.xsa
TRACE::2026-06-04.18:24:02::SCWPlatform::DSA directory E:/XilinxProject/IO_exp/IO_exp2.sw/mb_basic_io/hw
TRACE::2026-06-04.18:24:02::SCWPlatform:: Platform Path E:/XilinxProject/IO_exp/IO_exp2.sw/mb_basic_io/hw/design_1_wrapper.xsa
TRACE::2026-06-04.18:24:02::SCWPlatform:: Unique name xilinx:nexys4_ddr::0.0
TRACE::2026-06-04.18:24:02::SCWPlatform::Trying to set the existing hwdb with name design_1_wrapper_0
TRACE::2026-06-04.18:24:02::SCWPlatform::Opened existing hwdb design_1_wrapper_0
TRACE::2026-06-04.18:24:02::SCWPlatform::Found the Hw Db part of the input DSA
TRACE::2026-06-04.18:24:02::SCWDomain::checking for install qemu data   : 
TRACE::2026-06-04.18:24:02::SCWPlatform::Trying to open the hw design at E:/XilinxProject/IO_exp/IO_exp2.sw/mb_basic_io/hw/design_1_wrapper.xsa
TRACE::2026-06-04.18:24:02::SCWPlatform::DSA given E:/XilinxProject/IO_exp/IO_exp2.sw/mb_basic_io/hw/design_1_wrapper.xsa
TRACE::2026-06-04.18:24:02::SCWPlatform::DSA absoulate path E:/XilinxProject/IO_exp/IO_exp2.sw/mb_basic_io/hw/design_1_wrapper.xsa
TRACE::2026-06-04.18:24:02::SCWPlatform::DSA directory E:/XilinxProject/IO_exp/IO_exp2.sw/mb_basic_io/hw
TRACE::2026-06-04.18:24:02::SCWPlatform:: Platform Path E:/XilinxProject/IO_exp/IO_exp2.sw/mb_basic_io/hw/design_1_wrapper.xsa
TRACE::2026-06-04.18:24:02::SCWPlatform:: Unique name xilinx:nexys4_ddr::0.0
TRACE::2026-06-04.18:24:02::SCWPlatform::Trying to set the existing hwdb with name design_1_wrapper_0
TRACE::2026-06-04.18:24:02::SCWPlatform::Opened existing hwdb design_1_wrapper_0
TRACE::2026-06-04.18:24:02::SCWPlatform::Found the Hw Db part of the input DSA
TRACE::2026-06-04.18:24:02::SCWPlatform::Trying to open the hw design at E:/XilinxProject/IO_exp/IO_exp2.sw/mb_basic_io/hw/design_1_wrapper.xsa
TRACE::2026-06-04.18:24:02::SCWPlatform::DSA given E:/XilinxProject/IO_exp/IO_exp2.sw/mb_basic_io/hw/design_1_wrapper.xsa
TRACE::2026-06-04.18:24:02::SCWPlatform::DSA absoulate path E:/XilinxProject/IO_exp/IO_exp2.sw/mb_basic_io/hw/design_1_wrapper.xsa
TRACE::2026-06-04.18:24:02::SCWPlatform::DSA directory E:/XilinxProject/IO_exp/IO_exp2.sw/mb_basic_io/hw
TRACE::2026-06-04.18:24:02::SCWPlatform:: Platform Path E:/XilinxProject/IO_exp/IO_exp2.sw/mb_basic_io/hw/design_1_wrapper.xsa
TRACE::2026-06-04.18:24:02::SCWPlatform:: Unique name xilinx:nexys4_ddr::0.0
TRACE::2026-06-04.18:24:02::SCWPlatform::Trying to set the existing hwdb with name design_1_wrapper_0
TRACE::2026-06-04.18:24:02::SCWPlatform::Opened existing hwdb design_1_wrapper_0
TRACE::2026-06-04.18:24:02::SCWPlatform::Found the Hw Db part of the input DSA
TRACE::2026-06-04.18:24:02::SCWPlatform::Trying to open the hw design at E:/XilinxProject/IO_exp/IO_exp2.sw/mb_basic_io/hw/design_1_wrapper.xsa
TRACE::2026-06-04.18:24:02::SCWPlatform::DSA given E:/XilinxProject/IO_exp/IO_exp2.sw/mb_basic_io/hw/design_1_wrapper.xsa
TRACE::2026-06-04.18:24:02::SCWPlatform::DSA absoulate path E:/XilinxProject/IO_exp/IO_exp2.sw/mb_basic_io/hw/design_1_wrapper.xsa
TRACE::2026-06-04.18:24:02::SCWPlatform::DSA directory E:/XilinxProject/IO_exp/IO_exp2.sw/mb_basic_io/hw
TRACE::2026-06-04.18:24:02::SCWPlatform:: Platform Path E:/XilinxProject/IO_exp/IO_exp2.sw/mb_basic_io/hw/design_1_wrapper.xsa
TRACE::2026-06-04.18:24:02::SCWPlatform:: Unique name xilinx:nexys4_ddr::0.0
TRACE::2026-06-04.18:24:02::SCWPlatform::Trying to set the existing hwdb with name design_1_wrapper_0
TRACE::2026-06-04.18:24:02::SCWPlatform::Opened existing hwdb design_1_wrapper_0
TRACE::2026-06-04.18:24:02::SCWPlatform::Found the Hw Db part of the input DSA
TRACE::2026-06-04.18:24:02::SCWMssOS::Checking the sw design at  E:/XilinxProject/IO_exp/IO_exp2.sw/mb_basic_io/microblaze_0/standalone_domain/bsp/system.mss
TRACE::2026-06-04.18:24:02::SCWMssOS::DEBUG:  swdes dump  
TRACE::2026-06-04.18:24:02::SCWMssOS::No sw design opened at  E:/XilinxProject/IO_exp/IO_exp2.sw/mb_basic_io/microblaze_0/standalone_domain/bsp/system.mss
TRACE::2026-06-04.18:24:02::SCWMssOS::mss does not exists at E:/XilinxProject/IO_exp/IO_exp2.sw/mb_basic_io/microblaze_0/standalone_domain/bsp/system.mss
TRACE::2026-06-04.18:24:02::SCWMssOS::Creating sw design at  E:/XilinxProject/IO_exp/IO_exp2.sw/mb_basic_io/microblaze_0/standalone_domain/bsp/system.mss
TRACE::2026-06-04.18:24:02::SCWMssOS::Adding the swdes entry, created swdb E:/XilinxProject/IO_exp/IO_exp2.sw/mb_basic_io/microblaze_0/standalone_domain/bsp/system.mss with des name E:/XilinxProject/IO_exp/IO_exp2.sw/mb_basic_io/microblaze_0/standalone_domain/bsp/system.mss
TRACE::2026-06-04.18:24:02::SCWMssOS::updating the scw layer changes to swdes at   E:/XilinxProject/IO_exp/IO_exp2.sw/mb_basic_io/microblaze_0/standalone_domain/bsp/system.mss
TRACE::2026-06-04.18:24:02::SCWMssOS::Writing mss at E:/XilinxProject/IO_exp/IO_exp2.sw/mb_basic_io/microblaze_0/standalone_domain/bsp/system.mss
TRACE::2026-06-04.18:24:02::SCWMssOS::Completed writing the mss file at E:/XilinxProject/IO_exp/IO_exp2.sw/mb_basic_io/microblaze_0/standalone_domain/bsp
TRACE::2026-06-04.18:24:02::SCWMssOS::Picking up changes from newly written mss file into SCW Layer. 
TRACE::2026-06-04.18:24:02::SCWMssOS::Updated the changes from newly written mss file into SCW Layer. 
TRACE::2026-06-04.18:24:02::SCWMssOS::Completed writing the mss file at E:/XilinxProject/IO_exp/IO_exp2.sw/mb_basic_io/microblaze_0/standalone_domain/bsp
TRACE::2026-06-04.18:24:02::SCWMssOS::Forcing BSP Sources regeneration.
TRACE::2026-06-04.18:24:03::SCWMssOS::Saving the mss changes E:/XilinxProject/IO_exp/IO_exp2.sw/mb_basic_io/microblaze_0/standalone_domain/bsp/system.mss
TRACE::2026-06-04.18:24:03::SCWMssOS::Adding the swdes entry, mss present, able to open swdb E:/XilinxProject/IO_exp/IO_exp2.sw/mb_basic_io/microblaze_0/standalone_domain/bsp/system.mss with des name system
TRACE::2026-06-04.18:24:03::SCWMssOS::Writing the mss file completed E:/XilinxProject/IO_exp/IO_exp2.sw/mb_basic_io/microblaze_0/standalone_domain/bsp/system.mss
TRACE::2026-06-04.18:24:03::SCWMssOS::Commit changes completed.
TRACE::2026-06-04.18:24:03::SCWPlatform::Trying to open the hw design at E:/XilinxProject/IO_exp/IO_exp2.sw/mb_basic_io/hw/design_1_wrapper.xsa
TRACE::2026-06-04.18:24:03::SCWPlatform::DSA given E:/XilinxProject/IO_exp/IO_exp2.sw/mb_basic_io/hw/design_1_wrapper.xsa
TRACE::2026-06-04.18:24:03::SCWPlatform::DSA absoulate path E:/XilinxProject/IO_exp/IO_exp2.sw/mb_basic_io/hw/design_1_wrapper.xsa
TRACE::2026-06-04.18:24:03::SCWPlatform::DSA directory E:/XilinxProject/IO_exp/IO_exp2.sw/mb_basic_io/hw
TRACE::2026-06-04.18:24:03::SCWPlatform:: Platform Path E:/XilinxProject/IO_exp/IO_exp2.sw/mb_basic_io/hw/design_1_wrapper.xsa
TRACE::2026-06-04.18:24:03::SCWPlatform:: Unique name xilinx:nexys4_ddr::0.0
TRACE::2026-06-04.18:24:03::SCWPlatform::Trying to set the existing hwdb with name design_1_wrapper_0
TRACE::2026-06-04.18:24:03::SCWPlatform::Opened existing hwdb design_1_wrapper_0
TRACE::2026-06-04.18:24:03::SCWPlatform::Found the Hw Db part of the input DSA
TRACE::2026-06-04.18:24:03::SCWMssOS::Checking the sw design at  E:/XilinxProject/IO_exp/IO_exp2.sw/mb_basic_io/microblaze_0/standalone_domain/bsp/system.mss
TRACE::2026-06-04.18:24:03::SCWMssOS::DEBUG:  swdes dump  E:/XilinxProject/IO_exp/IO_exp2.sw/mb_basic_io/microblaze_0/standalone_domain/bsp/system.mss|system||

TRACE::2026-06-04.18:24:03::SCWMssOS::Sw design exists and opened at  E:/XilinxProject/IO_exp/IO_exp2.sw/mb_basic_io/microblaze_0/standalone_domain/bsp/system.mss
TRACE::2026-06-04.18:24:03::SCWPlatform::Trying to open the hw design at E:/XilinxProject/IO_exp/IO_exp2.sw/mb_basic_io/hw/design_1_wrapper.xsa
TRACE::2026-06-04.18:24:03::SCWPlatform::DSA given E:/XilinxProject/IO_exp/IO_exp2.sw/mb_basic_io/hw/design_1_wrapper.xsa
TRACE::2026-06-04.18:24:03::SCWPlatform::DSA absoulate path E:/XilinxProject/IO_exp/IO_exp2.sw/mb_basic_io/hw/design_1_wrapper.xsa
TRACE::2026-06-04.18:24:03::SCWPlatform::DSA directory E:/XilinxProject/IO_exp/IO_exp2.sw/mb_basic_io/hw
TRACE::2026-06-04.18:24:03::SCWPlatform:: Platform Path E:/XilinxProject/IO_exp/IO_exp2.sw/mb_basic_io/hw/design_1_wrapper.xsa
TRACE::2026-06-04.18:24:03::SCWPlatform:: Unique name xilinx:nexys4_ddr::0.0
TRACE::2026-06-04.18:24:03::SCWPlatform::Trying to set the existing hwdb with name design_1_wrapper_0
TRACE::2026-06-04.18:24:03::SCWPlatform::Opened existing hwdb design_1_wrapper_0
TRACE::2026-06-04.18:24:03::SCWPlatform::Found the Hw Db part of the input DSA
TRACE::2026-06-04.18:24:03::SCWMssOS::Checking the sw design at  E:/XilinxProject/IO_exp/IO_exp2.sw/mb_basic_io/microblaze_0/standalone_domain/bsp/system.mss
TRACE::2026-06-04.18:24:03::SCWMssOS::DEBUG:  swdes dump  E:/XilinxProject/IO_exp/IO_exp2.sw/mb_basic_io/microblaze_0/standalone_domain/bsp/system.mss|system||

TRACE::2026-06-04.18:24:03::SCWMssOS::Sw design exists and opened at  E:/XilinxProject/IO_exp/IO_exp2.sw/mb_basic_io/microblaze_0/standalone_domain/bsp/system.mss
TRACE::2026-06-04.18:24:03::SCWPlatform::Trying to open the hw design at E:/XilinxProject/IO_exp/IO_exp2.sw/mb_basic_io/hw/design_1_wrapper.xsa
TRACE::2026-06-04.18:24:03::SCWPlatform::DSA given E:/XilinxProject/IO_exp/IO_exp2.sw/mb_basic_io/hw/design_1_wrapper.xsa
TRACE::2026-06-04.18:24:03::SCWPlatform::DSA absoulate path E:/XilinxProject/IO_exp/IO_exp2.sw/mb_basic_io/hw/design_1_wrapper.xsa
TRACE::2026-06-04.18:24:03::SCWPlatform::DSA directory E:/XilinxProject/IO_exp/IO_exp2.sw/mb_basic_io/hw
TRACE::2026-06-04.18:24:03::SCWPlatform:: Platform Path E:/XilinxProject/IO_exp/IO_exp2.sw/mb_basic_io/hw/design_1_wrapper.xsa
TRACE::2026-06-04.18:24:03::SCWPlatform:: Unique name xilinx:nexys4_ddr::0.0
TRACE::2026-06-04.18:24:03::SCWPlatform::Trying to set the existing hwdb with name design_1_wrapper_0
TRACE::2026-06-04.18:24:03::SCWPlatform::Opened existing hwdb design_1_wrapper_0
TRACE::2026-06-04.18:24:03::SCWPlatform::Found the Hw Db part of the input DSA
TRACE::2026-06-04.18:24:03::SCWMssOS::Checking the sw design at  E:/XilinxProject/IO_exp/IO_exp2.sw/mb_basic_io/microblaze_0/standalone_domain/bsp/system.mss
TRACE::2026-06-04.18:24:03::SCWMssOS::DEBUG:  swdes dump  E:/XilinxProject/IO_exp/IO_exp2.sw/mb_basic_io/microblaze_0/standalone_domain/bsp/system.mss|system||

TRACE::2026-06-04.18:24:03::SCWMssOS::Sw design exists and opened at  E:/XilinxProject/IO_exp/IO_exp2.sw/mb_basic_io/microblaze_0/standalone_domain/bsp/system.mss
TRACE::2026-06-04.18:24:03::SCWWriter::formatted JSON is {
	"platformName":	"mb_basic_io",
	"sprVersion":	"2.0",
	"mode":	"gui",
	"dsaType":	"Fixed",
	"platformDesc":	"mb_basic_io",
	"platHandOff":	"E:/XilinxProject/IO_exp/design_1_wrapper.xsa",
	"platIntHandOff":	"<platformDir>/hw/design_1_wrapper.xsa",
	"deviceType":	"FPGA",
	"platIsPrebuiltAutogen":	"false",
	"platIsNoBootBsp":	"false",
	"hasFsblMakeHasChanges":	"false",
	"hasPmufwMakeHasChanges":	"false",
	"platPreBuiltFlag":	false,
	"platformSamplesDir":	"",
	"platActiveSys":	"mb_basic_io",
	"systems":	[{
			"systemName":	"mb_basic_io",
			"systemDesc":	"mb_basic_io",
			"sysIsBootAutoGen":	"true",
			"systemDispName":	"mb_basic_io",
			"sysActiveDom":	"standalone_domain",
			"sysDefaultDom":	"standalone_domain",
			"domains":	[{
					"domainName":	"standalone_domain",
					"domainDispName":	"standalone_domain",
					"domainDesc":	"standalone_domain",
					"processors":	"microblaze_0",
					"os":	"standalone",
					"sdxOs":	"standalone",
					"debugEnable":	"False",
					"domRuntimes":	["cpp"],
					"swRepo":	"",
					"mssOsVer":	"7.6",
					"mssFile":	"",
					"md5Digest":	"f3846bf43104bdbfe064a20c4a3cdccd",
					"compatibleApp":	"",
					"domType":	"mssDomain",
					"arch":	"32-bit",
					"appSettings":	{
						"appCompilerFlags":	"",
						"appLinkerFlags":	""
					},
					"addedLibs":	[],
					"libOptions":	{
						"libsContainingOptions":	[]
					},
					"prebuiltLibs":	{
						"prebuiltIncPath":	[],
						"prebuiltLibPath":	[]
					},
					"isolation":	{
					}
				}]
		}]
}
LOG::2026-06-04.18:24:03::SCWPlatform::Started generating the artifacts platform mb_basic_io
TRACE::2026-06-04.18:24:03::SCWPlatform::Sanity checking of platform is completed
LOG::2026-06-04.18:24:03::SCWPlatform::Started generating the artifacts for system configuration mb_basic_io
LOG::2026-06-04.18:24:03::SCWSystem::Checking the domain standalone_domain
LOG::2026-06-04.18:24:03::SCWSystem::Not a boot domain 
LOG::2026-06-04.18:24:03::SCWSystem::Started Processing the domain standalone_domain
TRACE::2026-06-04.18:24:03::SCWDomain::Generating domain artifcats
TRACE::2026-06-04.18:24:03::SCWMssOS::Generating standalone artifcats
TRACE::2026-06-04.18:24:03::SCWMssOS:: Copying the user libraries. 
TRACE::2026-06-04.18:24:03::SCWPlatform::Trying to open the hw design at E:/XilinxProject/IO_exp/IO_exp2.sw/mb_basic_io/hw/design_1_wrapper.xsa
TRACE::2026-06-04.18:24:03::SCWPlatform::DSA given E:/XilinxProject/IO_exp/IO_exp2.sw/mb_basic_io/hw/design_1_wrapper.xsa
TRACE::2026-06-04.18:24:03::SCWPlatform::DSA absoulate path E:/XilinxProject/IO_exp/IO_exp2.sw/mb_basic_io/hw/design_1_wrapper.xsa
TRACE::2026-06-04.18:24:03::SCWPlatform::DSA directory E:/XilinxProject/IO_exp/IO_exp2.sw/mb_basic_io/hw
TRACE::2026-06-04.18:24:03::SCWPlatform:: Platform Path E:/XilinxProject/IO_exp/IO_exp2.sw/mb_basic_io/hw/design_1_wrapper.xsa
TRACE::2026-06-04.18:24:03::SCWPlatform:: Unique name xilinx:nexys4_ddr::0.0
TRACE::2026-06-04.18:24:03::SCWPlatform::Trying to set the existing hwdb with name design_1_wrapper_0
TRACE::2026-06-04.18:24:03::SCWPlatform::Opened existing hwdb design_1_wrapper_0
TRACE::2026-06-04.18:24:03::SCWPlatform::Found the Hw Db part of the input DSA
TRACE::2026-06-04.18:24:03::SCWMssOS::Checking the sw design at  E:/XilinxProject/IO_exp/IO_exp2.sw/mb_basic_io/microblaze_0/standalone_domain/bsp/system.mss
TRACE::2026-06-04.18:24:03::SCWMssOS::DEBUG:  swdes dump  E:/XilinxProject/IO_exp/IO_exp2.sw/mb_basic_io/microblaze_0/standalone_domain/bsp/system.mss|system||

TRACE::2026-06-04.18:24:03::SCWMssOS::Sw design exists and opened at  E:/XilinxProject/IO_exp/IO_exp2.sw/mb_basic_io/microblaze_0/standalone_domain/bsp/system.mss
TRACE::2026-06-04.18:24:03::SCWMssOS::Completed writing the mss file at E:/XilinxProject/IO_exp/IO_exp2.sw/mb_basic_io/microblaze_0/standalone_domain/bsp
TRACE::2026-06-04.18:24:03::SCWMssOS::Mss edits present, copying mssfile into export location E:/XilinxProject/IO_exp/IO_exp2.sw/mb_basic_io/microblaze_0/standalone_domain/bsp/system.mss
TRACE::2026-06-04.18:24:03::SCWMssOS::bsp generated is upto date with the mss file. Skipping bsp generation.
TRACE::2026-06-04.18:24:03::SCWMssOS::BSP is already built. skipping the bsp build ... 
TRACE::2026-06-04.18:24:03::SCWDomain::Skipping the build for domain :  standalone_domain
TRACE::2026-06-04.18:24:03::SCWMssOS::skipping the bsp build ... 
TRACE::2026-06-04.18:24:03::SCWMssOS::Copying to export directory.
TRACE::2026-06-04.18:24:03::SCWMssOS:: Checking if to create the Supporting Applications
TRACE::2026-06-04.18:24:03::SCWMssOS:: No Linux domain exists, trying to generate FSBL 
LOG::2026-06-04.18:24:03::SCWSystem::Completed Processing the domain standalone_domain
LOG::2026-06-04.18:24:03::SCWSystem::Completed Processing the sysconfig mb_basic_io
LOG::2026-06-04.18:24:03::SCWPlatform::Completed generating the artifacts for system configuration mb_basic_io
TRACE::2026-06-04.18:24:03::SCWPlatform::Started preparing the platform 
TRACE::2026-06-04.18:24:03::SCWSystem::Writing the bif file for system config mb_basic_io
TRACE::2026-06-04.18:24:03::SCWSystem::dir created 
TRACE::2026-06-04.18:24:03::SCWSystem::Writing the bif 
TRACE::2026-06-04.18:24:03::SCWPlatform::Started writing the spfm file 
TRACE::2026-06-04.18:24:03::SCWPlatform::Started writing the xpfm file 
TRACE::2026-06-04.18:24:03::SCWPlatform::Completed generating the platform
TRACE::2026-06-04.18:24:03::SCWMssOS::Saving the mss changes E:/XilinxProject/IO_exp/IO_exp2.sw/mb_basic_io/microblaze_0/standalone_domain/bsp/system.mss
TRACE::2026-06-04.18:24:03::SCWMssOS::Found a swdesign opened with the mssfile.
TRACE::2026-06-04.18:24:03::SCWMssOS::Completed writemss as part of save.
TRACE::2026-06-04.18:24:03::SCWMssOS::Commit changes completed.
TRACE::2026-06-04.18:24:03::SCWPlatform::Trying to open the hw design at E:/XilinxProject/IO_exp/IO_exp2.sw/mb_basic_io/hw/design_1_wrapper.xsa
TRACE::2026-06-04.18:24:03::SCWPlatform::DSA given E:/XilinxProject/IO_exp/IO_exp2.sw/mb_basic_io/hw/design_1_wrapper.xsa
TRACE::2026-06-04.18:24:03::SCWPlatform::DSA absoulate path E:/XilinxProject/IO_exp/IO_exp2.sw/mb_basic_io/hw/design_1_wrapper.xsa
TRACE::2026-06-04.18:24:03::SCWPlatform::DSA directory E:/XilinxProject/IO_exp/IO_exp2.sw/mb_basic_io/hw
TRACE::2026-06-04.18:24:03::SCWPlatform:: Platform Path E:/XilinxProject/IO_exp/IO_exp2.sw/mb_basic_io/hw/design_1_wrapper.xsa
TRACE::2026-06-04.18:24:03::SCWPlatform:: Unique name xilinx:nexys4_ddr::0.0
TRACE::2026-06-04.18:24:03::SCWPlatform::Trying to set the existing hwdb with name design_1_wrapper_0
TRACE::2026-06-04.18:24:03::SCWPlatform::Opened existing hwdb design_1_wrapper_0
TRACE::2026-06-04.18:24:03::SCWPlatform::Found the Hw Db part of the input DSA
TRACE::2026-06-04.18:24:03::SCWMssOS::Checking the sw design at  E:/XilinxProject/IO_exp/IO_exp2.sw/mb_basic_io/microblaze_0/standalone_domain/bsp/system.mss
TRACE::2026-06-04.18:24:03::SCWMssOS::DEBUG:  swdes dump  E:/XilinxProject/IO_exp/IO_exp2.sw/mb_basic_io/microblaze_0/standalone_domain/bsp/system.mss|system||

TRACE::2026-06-04.18:24:03::SCWMssOS::Sw design exists and opened at  E:/XilinxProject/IO_exp/IO_exp2.sw/mb_basic_io/microblaze_0/standalone_domain/bsp/system.mss
TRACE::2026-06-04.18:24:03::SCWPlatform::Trying to open the hw design at E:/XilinxProject/IO_exp/IO_exp2.sw/mb_basic_io/hw/design_1_wrapper.xsa
TRACE::2026-06-04.18:24:03::SCWPlatform::DSA given E:/XilinxProject/IO_exp/IO_exp2.sw/mb_basic_io/hw/design_1_wrapper.xsa
TRACE::2026-06-04.18:24:03::SCWPlatform::DSA absoulate path E:/XilinxProject/IO_exp/IO_exp2.sw/mb_basic_io/hw/design_1_wrapper.xsa
TRACE::2026-06-04.18:24:03::SCWPlatform::DSA directory E:/XilinxProject/IO_exp/IO_exp2.sw/mb_basic_io/hw
TRACE::2026-06-04.18:24:03::SCWPlatform:: Platform Path E:/XilinxProject/IO_exp/IO_exp2.sw/mb_basic_io/hw/design_1_wrapper.xsa
TRACE::2026-06-04.18:24:03::SCWPlatform:: Unique name xilinx:nexys4_ddr::0.0
TRACE::2026-06-04.18:24:03::SCWPlatform::Trying to set the existing hwdb with name design_1_wrapper_0
TRACE::2026-06-04.18:24:03::SCWPlatform::Opened existing hwdb design_1_wrapper_0
TRACE::2026-06-04.18:24:03::SCWPlatform::Found the Hw Db part of the input DSA
TRACE::2026-06-04.18:24:03::SCWMssOS::Checking the sw design at  E:/XilinxProject/IO_exp/IO_exp2.sw/mb_basic_io/microblaze_0/standalone_domain/bsp/system.mss
TRACE::2026-06-04.18:24:03::SCWMssOS::DEBUG:  swdes dump  E:/XilinxProject/IO_exp/IO_exp2.sw/mb_basic_io/microblaze_0/standalone_domain/bsp/system.mss|system||

TRACE::2026-06-04.18:24:03::SCWMssOS::Sw design exists and opened at  E:/XilinxProject/IO_exp/IO_exp2.sw/mb_basic_io/microblaze_0/standalone_domain/bsp/system.mss
TRACE::2026-06-04.18:24:03::SCWPlatform::Trying to open the hw design at E:/XilinxProject/IO_exp/IO_exp2.sw/mb_basic_io/hw/design_1_wrapper.xsa
TRACE::2026-06-04.18:24:03::SCWPlatform::DSA given E:/XilinxProject/IO_exp/IO_exp2.sw/mb_basic_io/hw/design_1_wrapper.xsa
TRACE::2026-06-04.18:24:03::SCWPlatform::DSA absoulate path E:/XilinxProject/IO_exp/IO_exp2.sw/mb_basic_io/hw/design_1_wrapper.xsa
TRACE::2026-06-04.18:24:03::SCWPlatform::DSA directory E:/XilinxProject/IO_exp/IO_exp2.sw/mb_basic_io/hw
TRACE::2026-06-04.18:24:03::SCWPlatform:: Platform Path E:/XilinxProject/IO_exp/IO_exp2.sw/mb_basic_io/hw/design_1_wrapper.xsa
TRACE::2026-06-04.18:24:03::SCWPlatform:: Unique name xilinx:nexys4_ddr::0.0
TRACE::2026-06-04.18:24:03::SCWPlatform::Trying to set the existing hwdb with name design_1_wrapper_0
TRACE::2026-06-04.18:24:03::SCWPlatform::Opened existing hwdb design_1_wrapper_0
TRACE::2026-06-04.18:24:03::SCWPlatform::Found the Hw Db part of the input DSA
TRACE::2026-06-04.18:24:03::SCWMssOS::Checking the sw design at  E:/XilinxProject/IO_exp/IO_exp2.sw/mb_basic_io/microblaze_0/standalone_domain/bsp/system.mss
TRACE::2026-06-04.18:24:03::SCWMssOS::DEBUG:  swdes dump  E:/XilinxProject/IO_exp/IO_exp2.sw/mb_basic_io/microblaze_0/standalone_domain/bsp/system.mss|system||

TRACE::2026-06-04.18:24:03::SCWMssOS::Sw design exists and opened at  E:/XilinxProject/IO_exp/IO_exp2.sw/mb_basic_io/microblaze_0/standalone_domain/bsp/system.mss
TRACE::2026-06-04.18:24:03::SCWWriter::formatted JSON is {
	"platformName":	"mb_basic_io",
	"sprVersion":	"2.0",
	"mode":	"gui",
	"dsaType":	"Fixed",
	"platformDesc":	"mb_basic_io",
	"platHandOff":	"E:/XilinxProject/IO_exp/design_1_wrapper.xsa",
	"platIntHandOff":	"<platformDir>/hw/design_1_wrapper.xsa",
	"deviceType":	"FPGA",
	"platIsPrebuiltAutogen":	"false",
	"platIsNoBootBsp":	"false",
	"hasFsblMakeHasChanges":	"false",
	"hasPmufwMakeHasChanges":	"false",
	"platPreBuiltFlag":	false,
	"platformSamplesDir":	"",
	"platActiveSys":	"mb_basic_io",
	"systems":	[{
			"systemName":	"mb_basic_io",
			"systemDesc":	"mb_basic_io",
			"sysIsBootAutoGen":	"true",
			"systemDispName":	"mb_basic_io",
			"sysActiveDom":	"standalone_domain",
			"sysDefaultDom":	"standalone_domain",
			"domains":	[{
					"domainName":	"standalone_domain",
					"domainDispName":	"standalone_domain",
					"domainDesc":	"standalone_domain",
					"processors":	"microblaze_0",
					"os":	"standalone",
					"sdxOs":	"standalone",
					"debugEnable":	"False",
					"domRuntimes":	["cpp"],
					"swRepo":	"",
					"mssOsVer":	"7.6",
					"mssFile":	"",
					"md5Digest":	"f3846bf43104bdbfe064a20c4a3cdccd",
					"compatibleApp":	"",
					"domType":	"mssDomain",
					"arch":	"32-bit",
					"appSettings":	{
						"appCompilerFlags":	"",
						"appLinkerFlags":	""
					},
					"addedLibs":	[],
					"libOptions":	{
						"libsContainingOptions":	[]
					},
					"prebuiltLibs":	{
						"prebuiltIncPath":	[],
						"prebuiltLibPath":	[]
					},
					"isolation":	{
					}
				}]
		}]
}
KEYINFO::2026-06-04.18:24:03::SCWPlatform::updated the xpfm file.
TRACE::2026-06-04.18:24:03::SCWPlatform::Trying to open the hw design at E:/XilinxProject/IO_exp/IO_exp2.sw/mb_basic_io/hw/design_1_wrapper.xsa
TRACE::2026-06-04.18:24:03::SCWPlatform::DSA given E:/XilinxProject/IO_exp/IO_exp2.sw/mb_basic_io/hw/design_1_wrapper.xsa
TRACE::2026-06-04.18:24:03::SCWPlatform::DSA absoulate path E:/XilinxProject/IO_exp/IO_exp2.sw/mb_basic_io/hw/design_1_wrapper.xsa
TRACE::2026-06-04.18:24:03::SCWPlatform::DSA directory E:/XilinxProject/IO_exp/IO_exp2.sw/mb_basic_io/hw
TRACE::2026-06-04.18:24:03::SCWPlatform:: Platform Path E:/XilinxProject/IO_exp/IO_exp2.sw/mb_basic_io/hw/design_1_wrapper.xsa
TRACE::2026-06-04.18:24:03::SCWPlatform:: Unique name xilinx:nexys4_ddr::0.0
TRACE::2026-06-04.18:24:03::SCWPlatform::Trying to set the existing hwdb with name design_1_wrapper_0
TRACE::2026-06-04.18:24:03::SCWPlatform::Opened existing hwdb design_1_wrapper_0
TRACE::2026-06-04.18:24:03::SCWPlatform::Found the Hw Db part of the input DSA
TRACE::2026-06-04.18:24:03::SCWMssOS::Checking the sw design at  E:/XilinxProject/IO_exp/IO_exp2.sw/mb_basic_io/microblaze_0/standalone_domain/bsp/system.mss
TRACE::2026-06-04.18:24:03::SCWMssOS::DEBUG:  swdes dump  E:/XilinxProject/IO_exp/IO_exp2.sw/mb_basic_io/microblaze_0/standalone_domain/bsp/system.mss|system||

TRACE::2026-06-04.18:24:03::SCWMssOS::Sw design exists and opened at  E:/XilinxProject/IO_exp/IO_exp2.sw/mb_basic_io/microblaze_0/standalone_domain/bsp/system.mss
TRACE::2026-06-04.18:24:03::SCWMssOS::Saving the mss changes E:/XilinxProject/IO_exp/IO_exp2.sw/mb_basic_io/microblaze_0/standalone_domain/bsp/system.mss
TRACE::2026-06-04.18:24:03::SCWMssOS::Found a swdesign opened with the mssfile.
TRACE::2026-06-04.18:24:03::SCWMssOS::Completed writemss as part of save.
TRACE::2026-06-04.18:24:03::SCWMssOS::Commit changes completed.
TRACE::2026-06-04.18:24:03::SCWPlatform::Trying to open the hw design at E:/XilinxProject/IO_exp/IO_exp2.sw/mb_basic_io/hw/design_1_wrapper.xsa
TRACE::2026-06-04.18:24:03::SCWPlatform::DSA given E:/XilinxProject/IO_exp/IO_exp2.sw/mb_basic_io/hw/design_1_wrapper.xsa
TRACE::2026-06-04.18:24:03::SCWPlatform::DSA absoulate path E:/XilinxProject/IO_exp/IO_exp2.sw/mb_basic_io/hw/design_1_wrapper.xsa
TRACE::2026-06-04.18:24:03::SCWPlatform::DSA directory E:/XilinxProject/IO_exp/IO_exp2.sw/mb_basic_io/hw
TRACE::2026-06-04.18:24:03::SCWPlatform:: Platform Path E:/XilinxProject/IO_exp/IO_exp2.sw/mb_basic_io/hw/design_1_wrapper.xsa
TRACE::2026-06-04.18:24:03::SCWPlatform:: Unique name xilinx:nexys4_ddr::0.0
TRACE::2026-06-04.18:24:03::SCWPlatform::Trying to set the existing hwdb with name design_1_wrapper_0
TRACE::2026-06-04.18:24:03::SCWPlatform::Opened existing hwdb design_1_wrapper_0
TRACE::2026-06-04.18:24:03::SCWPlatform::Found the Hw Db part of the input DSA
TRACE::2026-06-04.18:24:03::SCWMssOS::Checking the sw design at  E:/XilinxProject/IO_exp/IO_exp2.sw/mb_basic_io/microblaze_0/standalone_domain/bsp/system.mss
TRACE::2026-06-04.18:24:03::SCWMssOS::DEBUG:  swdes dump  E:/XilinxProject/IO_exp/IO_exp2.sw/mb_basic_io/microblaze_0/standalone_domain/bsp/system.mss|system||

TRACE::2026-06-04.18:24:03::SCWMssOS::Sw design exists and opened at  E:/XilinxProject/IO_exp/IO_exp2.sw/mb_basic_io/microblaze_0/standalone_domain/bsp/system.mss
TRACE::2026-06-04.18:24:03::SCWPlatform::Trying to open the hw design at E:/XilinxProject/IO_exp/IO_exp2.sw/mb_basic_io/hw/design_1_wrapper.xsa
TRACE::2026-06-04.18:24:03::SCWPlatform::DSA given E:/XilinxProject/IO_exp/IO_exp2.sw/mb_basic_io/hw/design_1_wrapper.xsa
TRACE::2026-06-04.18:24:03::SCWPlatform::DSA absoulate path E:/XilinxProject/IO_exp/IO_exp2.sw/mb_basic_io/hw/design_1_wrapper.xsa
TRACE::2026-06-04.18:24:03::SCWPlatform::DSA directory E:/XilinxProject/IO_exp/IO_exp2.sw/mb_basic_io/hw
TRACE::2026-06-04.18:24:03::SCWPlatform:: Platform Path E:/XilinxProject/IO_exp/IO_exp2.sw/mb_basic_io/hw/design_1_wrapper.xsa
TRACE::2026-06-04.18:24:03::SCWPlatform:: Unique name xilinx:nexys4_ddr::0.0
TRACE::2026-06-04.18:24:03::SCWPlatform::Trying to set the existing hwdb with name design_1_wrapper_0
TRACE::2026-06-04.18:24:03::SCWPlatform::Opened existing hwdb design_1_wrapper_0
TRACE::2026-06-04.18:24:03::SCWPlatform::Found the Hw Db part of the input DSA
TRACE::2026-06-04.18:24:03::SCWMssOS::Checking the sw design at  E:/XilinxProject/IO_exp/IO_exp2.sw/mb_basic_io/microblaze_0/standalone_domain/bsp/system.mss
TRACE::2026-06-04.18:24:03::SCWMssOS::DEBUG:  swdes dump  E:/XilinxProject/IO_exp/IO_exp2.sw/mb_basic_io/microblaze_0/standalone_domain/bsp/system.mss|system||

TRACE::2026-06-04.18:24:03::SCWMssOS::Sw design exists and opened at  E:/XilinxProject/IO_exp/IO_exp2.sw/mb_basic_io/microblaze_0/standalone_domain/bsp/system.mss
TRACE::2026-06-04.18:24:03::SCWPlatform::Trying to open the hw design at E:/XilinxProject/IO_exp/IO_exp2.sw/mb_basic_io/hw/design_1_wrapper.xsa
TRACE::2026-06-04.18:24:03::SCWPlatform::DSA given E:/XilinxProject/IO_exp/IO_exp2.sw/mb_basic_io/hw/design_1_wrapper.xsa
TRACE::2026-06-04.18:24:03::SCWPlatform::DSA absoulate path E:/XilinxProject/IO_exp/IO_exp2.sw/mb_basic_io/hw/design_1_wrapper.xsa
TRACE::2026-06-04.18:24:03::SCWPlatform::DSA directory E:/XilinxProject/IO_exp/IO_exp2.sw/mb_basic_io/hw
TRACE::2026-06-04.18:24:03::SCWPlatform:: Platform Path E:/XilinxProject/IO_exp/IO_exp2.sw/mb_basic_io/hw/design_1_wrapper.xsa
TRACE::2026-06-04.18:24:03::SCWPlatform:: Unique name xilinx:nexys4_ddr::0.0
TRACE::2026-06-04.18:24:03::SCWPlatform::Trying to set the existing hwdb with name design_1_wrapper_0
TRACE::2026-06-04.18:24:03::SCWPlatform::Opened existing hwdb design_1_wrapper_0
TRACE::2026-06-04.18:24:03::SCWPlatform::Found the Hw Db part of the input DSA
TRACE::2026-06-04.18:24:03::SCWMssOS::Checking the sw design at  E:/XilinxProject/IO_exp/IO_exp2.sw/mb_basic_io/microblaze_0/standalone_domain/bsp/system.mss
TRACE::2026-06-04.18:24:03::SCWMssOS::DEBUG:  swdes dump  E:/XilinxProject/IO_exp/IO_exp2.sw/mb_basic_io/microblaze_0/standalone_domain/bsp/system.mss|system||

TRACE::2026-06-04.18:24:03::SCWMssOS::Sw design exists and opened at  E:/XilinxProject/IO_exp/IO_exp2.sw/mb_basic_io/microblaze_0/standalone_domain/bsp/system.mss
TRACE::2026-06-04.18:24:03::SCWWriter::formatted JSON is {
	"platformName":	"mb_basic_io",
	"sprVersion":	"2.0",
	"mode":	"gui",
	"dsaType":	"Fixed",
	"platformDesc":	"mb_basic_io",
	"platHandOff":	"E:/XilinxProject/IO_exp/design_1_wrapper.xsa",
	"platIntHandOff":	"<platformDir>/hw/design_1_wrapper.xsa",
	"deviceType":	"FPGA",
	"platIsPrebuiltAutogen":	"false",
	"platIsNoBootBsp":	"false",
	"hasFsblMakeHasChanges":	"false",
	"hasPmufwMakeHasChanges":	"false",
	"platPreBuiltFlag":	false,
	"platformSamplesDir":	"",
	"platActiveSys":	"mb_basic_io",
	"systems":	[{
			"systemName":	"mb_basic_io",
			"systemDesc":	"mb_basic_io",
			"sysIsBootAutoGen":	"true",
			"systemDispName":	"mb_basic_io",
			"sysActiveDom":	"standalone_domain",
			"sysDefaultDom":	"standalone_domain",
			"domains":	[{
					"domainName":	"standalone_domain",
					"domainDispName":	"standalone_domain",
					"domainDesc":	"standalone_domain",
					"processors":	"microblaze_0",
					"os":	"standalone",
					"sdxOs":	"standalone",
					"debugEnable":	"False",
					"domRuntimes":	["cpp"],
					"swRepo":	"",
					"mssOsVer":	"7.6",
					"mssFile":	"",
					"md5Digest":	"f3846bf43104bdbfe064a20c4a3cdccd",
					"compatibleApp":	"",
					"domType":	"mssDomain",
					"arch":	"32-bit",
					"appSettings":	{
						"appCompilerFlags":	"",
						"appLinkerFlags":	""
					},
					"addedLibs":	[],
					"libOptions":	{
						"libsContainingOptions":	[]
					},
					"prebuiltLibs":	{
						"prebuiltIncPath":	[],
						"prebuiltLibPath":	[]
					},
					"isolation":	{
					}
				}]
		}]
}
TRACE::2026-06-04.18:24:03::SCWPlatform::Trying to open the hw design at E:/XilinxProject/IO_exp/IO_exp2.sw/mb_basic_io/hw/design_1_wrapper.xsa
TRACE::2026-06-04.18:24:03::SCWPlatform::DSA given E:/XilinxProject/IO_exp/IO_exp2.sw/mb_basic_io/hw/design_1_wrapper.xsa
TRACE::2026-06-04.18:24:03::SCWPlatform::DSA absoulate path E:/XilinxProject/IO_exp/IO_exp2.sw/mb_basic_io/hw/design_1_wrapper.xsa
TRACE::2026-06-04.18:24:03::SCWPlatform::DSA directory E:/XilinxProject/IO_exp/IO_exp2.sw/mb_basic_io/hw
TRACE::2026-06-04.18:24:03::SCWPlatform:: Platform Path E:/XilinxProject/IO_exp/IO_exp2.sw/mb_basic_io/hw/design_1_wrapper.xsa
TRACE::2026-06-04.18:24:03::SCWPlatform:: Unique name xilinx:nexys4_ddr::0.0
TRACE::2026-06-04.18:24:03::SCWPlatform::Trying to set the existing hwdb with name design_1_wrapper_0
TRACE::2026-06-04.18:24:03::SCWPlatform::Opened existing hwdb design_1_wrapper_0
TRACE::2026-06-04.18:24:03::SCWPlatform::Found the Hw Db part of the input DSA
TRACE::2026-06-04.18:24:03::SCWMssOS::Checking the sw design at  E:/XilinxProject/IO_exp/IO_exp2.sw/mb_basic_io/microblaze_0/standalone_domain/bsp/system.mss
TRACE::2026-06-04.18:24:03::SCWMssOS::DEBUG:  swdes dump  E:/XilinxProject/IO_exp/IO_exp2.sw/mb_basic_io/microblaze_0/standalone_domain/bsp/system.mss|system||

TRACE::2026-06-04.18:24:03::SCWMssOS::Sw design exists and opened at  E:/XilinxProject/IO_exp/IO_exp2.sw/mb_basic_io/microblaze_0/standalone_domain/bsp/system.mss
TRACE::2026-06-04.18:24:03::SCWPlatform::Trying to open the hw design at E:/XilinxProject/IO_exp/IO_exp2.sw/mb_basic_io/hw/design_1_wrapper.xsa
TRACE::2026-06-04.18:24:03::SCWPlatform::DSA given E:/XilinxProject/IO_exp/IO_exp2.sw/mb_basic_io/hw/design_1_wrapper.xsa
TRACE::2026-06-04.18:24:03::SCWPlatform::DSA absoulate path E:/XilinxProject/IO_exp/IO_exp2.sw/mb_basic_io/hw/design_1_wrapper.xsa
TRACE::2026-06-04.18:24:03::SCWPlatform::DSA directory E:/XilinxProject/IO_exp/IO_exp2.sw/mb_basic_io/hw
TRACE::2026-06-04.18:24:03::SCWPlatform:: Platform Path E:/XilinxProject/IO_exp/IO_exp2.sw/mb_basic_io/hw/design_1_wrapper.xsa
TRACE::2026-06-04.18:24:03::SCWPlatform:: Unique name xilinx:nexys4_ddr::0.0
TRACE::2026-06-04.18:24:03::SCWPlatform::Trying to set the existing hwdb with name design_1_wrapper_0
TRACE::2026-06-04.18:24:03::SCWPlatform::Opened existing hwdb design_1_wrapper_0
TRACE::2026-06-04.18:24:03::SCWPlatform::Found the Hw Db part of the input DSA
TRACE::2026-06-04.18:24:03::SCWMssOS::Checking the sw design at  E:/XilinxProject/IO_exp/IO_exp2.sw/mb_basic_io/microblaze_0/standalone_domain/bsp/system.mss
TRACE::2026-06-04.18:24:03::SCWMssOS::DEBUG:  swdes dump  E:/XilinxProject/IO_exp/IO_exp2.sw/mb_basic_io/microblaze_0/standalone_domain/bsp/system.mss|system||

TRACE::2026-06-04.18:24:03::SCWMssOS::Sw design exists and opened at  E:/XilinxProject/IO_exp/IO_exp2.sw/mb_basic_io/microblaze_0/standalone_domain/bsp/system.mss
TRACE::2026-06-04.18:24:03::SCWPlatform::Trying to open the hw design at E:/XilinxProject/IO_exp/IO_exp2.sw/mb_basic_io/hw/design_1_wrapper.xsa
TRACE::2026-06-04.18:24:03::SCWPlatform::DSA given E:/XilinxProject/IO_exp/IO_exp2.sw/mb_basic_io/hw/design_1_wrapper.xsa
TRACE::2026-06-04.18:24:03::SCWPlatform::DSA absoulate path E:/XilinxProject/IO_exp/IO_exp2.sw/mb_basic_io/hw/design_1_wrapper.xsa
TRACE::2026-06-04.18:24:03::SCWPlatform::DSA directory E:/XilinxProject/IO_exp/IO_exp2.sw/mb_basic_io/hw
TRACE::2026-06-04.18:24:03::SCWPlatform:: Platform Path E:/XilinxProject/IO_exp/IO_exp2.sw/mb_basic_io/hw/design_1_wrapper.xsa
TRACE::2026-06-04.18:24:03::SCWPlatform:: Unique name xilinx:nexys4_ddr::0.0
TRACE::2026-06-04.18:24:03::SCWPlatform::Trying to set the existing hwdb with name design_1_wrapper_0
TRACE::2026-06-04.18:24:03::SCWPlatform::Opened existing hwdb design_1_wrapper_0
TRACE::2026-06-04.18:24:03::SCWPlatform::Found the Hw Db part of the input DSA
TRACE::2026-06-04.18:24:03::SCWMssOS::Checking the sw design at  E:/XilinxProject/IO_exp/IO_exp2.sw/mb_basic_io/microblaze_0/standalone_domain/bsp/system.mss
TRACE::2026-06-04.18:24:03::SCWMssOS::DEBUG:  swdes dump  E:/XilinxProject/IO_exp/IO_exp2.sw/mb_basic_io/microblaze_0/standalone_domain/bsp/system.mss|system||

TRACE::2026-06-04.18:24:03::SCWMssOS::Sw design exists and opened at  E:/XilinxProject/IO_exp/IO_exp2.sw/mb_basic_io/microblaze_0/standalone_domain/bsp/system.mss
TRACE::2026-06-04.18:24:03::SCWMssOS::Saving the mss changes E:/XilinxProject/IO_exp/IO_exp2.sw/mb_basic_io/microblaze_0/standalone_domain/bsp/system.mss
TRACE::2026-06-04.18:24:03::SCWMssOS::Found a swdesign opened with the mssfile.
TRACE::2026-06-04.18:24:03::SCWMssOS::Completed writemss as part of save.
TRACE::2026-06-04.18:24:03::SCWMssOS::Commit changes completed.
TRACE::2026-06-04.18:24:03::SCWPlatform::Trying to open the hw design at E:/XilinxProject/IO_exp/IO_exp2.sw/mb_basic_io/hw/design_1_wrapper.xsa
TRACE::2026-06-04.18:24:03::SCWPlatform::DSA given E:/XilinxProject/IO_exp/IO_exp2.sw/mb_basic_io/hw/design_1_wrapper.xsa
TRACE::2026-06-04.18:24:03::SCWPlatform::DSA absoulate path E:/XilinxProject/IO_exp/IO_exp2.sw/mb_basic_io/hw/design_1_wrapper.xsa
TRACE::2026-06-04.18:24:03::SCWPlatform::DSA directory E:/XilinxProject/IO_exp/IO_exp2.sw/mb_basic_io/hw
TRACE::2026-06-04.18:24:03::SCWPlatform:: Platform Path E:/XilinxProject/IO_exp/IO_exp2.sw/mb_basic_io/hw/design_1_wrapper.xsa
TRACE::2026-06-04.18:24:03::SCWPlatform:: Unique name xilinx:nexys4_ddr::0.0
TRACE::2026-06-04.18:24:03::SCWPlatform::Trying to set the existing hwdb with name design_1_wrapper_0
TRACE::2026-06-04.18:24:03::SCWPlatform::Opened existing hwdb design_1_wrapper_0
TRACE::2026-06-04.18:24:03::SCWPlatform::Found the Hw Db part of the input DSA
TRACE::2026-06-04.18:24:03::SCWMssOS::Checking the sw design at  E:/XilinxProject/IO_exp/IO_exp2.sw/mb_basic_io/microblaze_0/standalone_domain/bsp/system.mss
TRACE::2026-06-04.18:24:03::SCWMssOS::DEBUG:  swdes dump  E:/XilinxProject/IO_exp/IO_exp2.sw/mb_basic_io/microblaze_0/standalone_domain/bsp/system.mss|system||

TRACE::2026-06-04.18:24:03::SCWMssOS::Sw design exists and opened at  E:/XilinxProject/IO_exp/IO_exp2.sw/mb_basic_io/microblaze_0/standalone_domain/bsp/system.mss
TRACE::2026-06-04.18:24:03::SCWPlatform::Trying to open the hw design at E:/XilinxProject/IO_exp/IO_exp2.sw/mb_basic_io/hw/design_1_wrapper.xsa
TRACE::2026-06-04.18:24:03::SCWPlatform::DSA given E:/XilinxProject/IO_exp/IO_exp2.sw/mb_basic_io/hw/design_1_wrapper.xsa
TRACE::2026-06-04.18:24:03::SCWPlatform::DSA absoulate path E:/XilinxProject/IO_exp/IO_exp2.sw/mb_basic_io/hw/design_1_wrapper.xsa
TRACE::2026-06-04.18:24:03::SCWPlatform::DSA directory E:/XilinxProject/IO_exp/IO_exp2.sw/mb_basic_io/hw
TRACE::2026-06-04.18:24:03::SCWPlatform:: Platform Path E:/XilinxProject/IO_exp/IO_exp2.sw/mb_basic_io/hw/design_1_wrapper.xsa
TRACE::2026-06-04.18:24:03::SCWPlatform:: Unique name xilinx:nexys4_ddr::0.0
TRACE::2026-06-04.18:24:03::SCWPlatform::Trying to set the existing hwdb with name design_1_wrapper_0
TRACE::2026-06-04.18:24:03::SCWPlatform::Opened existing hwdb design_1_wrapper_0
TRACE::2026-06-04.18:24:03::SCWPlatform::Found the Hw Db part of the input DSA
TRACE::2026-06-04.18:24:03::SCWMssOS::Checking the sw design at  E:/XilinxProject/IO_exp/IO_exp2.sw/mb_basic_io/microblaze_0/standalone_domain/bsp/system.mss
TRACE::2026-06-04.18:24:03::SCWMssOS::DEBUG:  swdes dump  E:/XilinxProject/IO_exp/IO_exp2.sw/mb_basic_io/microblaze_0/standalone_domain/bsp/system.mss|system||

TRACE::2026-06-04.18:24:03::SCWMssOS::Sw design exists and opened at  E:/XilinxProject/IO_exp/IO_exp2.sw/mb_basic_io/microblaze_0/standalone_domain/bsp/system.mss
TRACE::2026-06-04.18:24:03::SCWPlatform::Trying to open the hw design at E:/XilinxProject/IO_exp/IO_exp2.sw/mb_basic_io/hw/design_1_wrapper.xsa
TRACE::2026-06-04.18:24:03::SCWPlatform::DSA given E:/XilinxProject/IO_exp/IO_exp2.sw/mb_basic_io/hw/design_1_wrapper.xsa
TRACE::2026-06-04.18:24:03::SCWPlatform::DSA absoulate path E:/XilinxProject/IO_exp/IO_exp2.sw/mb_basic_io/hw/design_1_wrapper.xsa
TRACE::2026-06-04.18:24:03::SCWPlatform::DSA directory E:/XilinxProject/IO_exp/IO_exp2.sw/mb_basic_io/hw
TRACE::2026-06-04.18:24:03::SCWPlatform:: Platform Path E:/XilinxProject/IO_exp/IO_exp2.sw/mb_basic_io/hw/design_1_wrapper.xsa
TRACE::2026-06-04.18:24:03::SCWPlatform:: Unique name xilinx:nexys4_ddr::0.0
TRACE::2026-06-04.18:24:03::SCWPlatform::Trying to set the existing hwdb with name design_1_wrapper_0
TRACE::2026-06-04.18:24:03::SCWPlatform::Opened existing hwdb design_1_wrapper_0
TRACE::2026-06-04.18:24:03::SCWPlatform::Found the Hw Db part of the input DSA
TRACE::2026-06-04.18:24:03::SCWMssOS::Checking the sw design at  E:/XilinxProject/IO_exp/IO_exp2.sw/mb_basic_io/microblaze_0/standalone_domain/bsp/system.mss
TRACE::2026-06-04.18:24:03::SCWMssOS::DEBUG:  swdes dump  E:/XilinxProject/IO_exp/IO_exp2.sw/mb_basic_io/microblaze_0/standalone_domain/bsp/system.mss|system||

TRACE::2026-06-04.18:24:03::SCWMssOS::Sw design exists and opened at  E:/XilinxProject/IO_exp/IO_exp2.sw/mb_basic_io/microblaze_0/standalone_domain/bsp/system.mss
TRACE::2026-06-04.18:24:03::SCWWriter::formatted JSON is {
	"platformName":	"mb_basic_io",
	"sprVersion":	"2.0",
	"mode":	"gui",
	"dsaType":	"Fixed",
	"platformDesc":	"mb_basic_io",
	"platHandOff":	"E:/XilinxProject/IO_exp/design_1_wrapper.xsa",
	"platIntHandOff":	"<platformDir>/hw/design_1_wrapper.xsa",
	"deviceType":	"FPGA",
	"platIsPrebuiltAutogen":	"false",
	"platIsNoBootBsp":	"false",
	"hasFsblMakeHasChanges":	"false",
	"hasPmufwMakeHasChanges":	"false",
	"platPreBuiltFlag":	false,
	"platformSamplesDir":	"",
	"platActiveSys":	"mb_basic_io",
	"systems":	[{
			"systemName":	"mb_basic_io",
			"systemDesc":	"mb_basic_io",
			"sysIsBootAutoGen":	"true",
			"systemDispName":	"mb_basic_io",
			"sysActiveDom":	"standalone_domain",
			"sysDefaultDom":	"standalone_domain",
			"domains":	[{
					"domainName":	"standalone_domain",
					"domainDispName":	"standalone on microblaze_0",
					"domainDesc":	"standalone_domain",
					"processors":	"microblaze_0",
					"os":	"standalone",
					"sdxOs":	"standalone",
					"debugEnable":	"False",
					"domRuntimes":	["cpp"],
					"swRepo":	"",
					"mssOsVer":	"7.6",
					"mssFile":	"",
					"md5Digest":	"f3846bf43104bdbfe064a20c4a3cdccd",
					"compatibleApp":	"",
					"domType":	"mssDomain",
					"arch":	"32-bit",
					"appSettings":	{
						"appCompilerFlags":	"",
						"appLinkerFlags":	""
					},
					"addedLibs":	[],
					"libOptions":	{
						"libsContainingOptions":	[]
					},
					"prebuiltLibs":	{
						"prebuiltIncPath":	[],
						"prebuiltLibPath":	[]
					},
					"isolation":	{
					}
				}]
		}]
}
TRACE::2026-06-04.18:24:03::SCWMssOS::Saving the mss changes E:/XilinxProject/IO_exp/IO_exp2.sw/mb_basic_io/microblaze_0/standalone_domain/bsp/system.mss
TRACE::2026-06-04.18:24:03::SCWMssOS::Found a swdesign opened with the mssfile.
TRACE::2026-06-04.18:24:03::SCWMssOS::Completed writemss as part of save.
TRACE::2026-06-04.18:24:03::SCWMssOS::Commit changes completed.
TRACE::2026-06-04.18:24:03::SCWPlatform::Trying to open the hw design at E:/XilinxProject/IO_exp/IO_exp2.sw/mb_basic_io/hw/design_1_wrapper.xsa
TRACE::2026-06-04.18:24:03::SCWPlatform::DSA given E:/XilinxProject/IO_exp/IO_exp2.sw/mb_basic_io/hw/design_1_wrapper.xsa
TRACE::2026-06-04.18:24:03::SCWPlatform::DSA absoulate path E:/XilinxProject/IO_exp/IO_exp2.sw/mb_basic_io/hw/design_1_wrapper.xsa
TRACE::2026-06-04.18:24:03::SCWPlatform::DSA directory E:/XilinxProject/IO_exp/IO_exp2.sw/mb_basic_io/hw
TRACE::2026-06-04.18:24:03::SCWPlatform:: Platform Path E:/XilinxProject/IO_exp/IO_exp2.sw/mb_basic_io/hw/design_1_wrapper.xsa
TRACE::2026-06-04.18:24:03::SCWPlatform:: Unique name xilinx:nexys4_ddr::0.0
TRACE::2026-06-04.18:24:03::SCWPlatform::Trying to set the existing hwdb with name design_1_wrapper_0
TRACE::2026-06-04.18:24:03::SCWPlatform::Opened existing hwdb design_1_wrapper_0
TRACE::2026-06-04.18:24:03::SCWPlatform::Found the Hw Db part of the input DSA
TRACE::2026-06-04.18:24:03::SCWMssOS::Checking the sw design at  E:/XilinxProject/IO_exp/IO_exp2.sw/mb_basic_io/microblaze_0/standalone_domain/bsp/system.mss
TRACE::2026-06-04.18:24:03::SCWMssOS::DEBUG:  swdes dump  E:/XilinxProject/IO_exp/IO_exp2.sw/mb_basic_io/microblaze_0/standalone_domain/bsp/system.mss|system||

TRACE::2026-06-04.18:24:03::SCWMssOS::Sw design exists and opened at  E:/XilinxProject/IO_exp/IO_exp2.sw/mb_basic_io/microblaze_0/standalone_domain/bsp/system.mss
TRACE::2026-06-04.18:24:03::SCWPlatform::Trying to open the hw design at E:/XilinxProject/IO_exp/IO_exp2.sw/mb_basic_io/hw/design_1_wrapper.xsa
TRACE::2026-06-04.18:24:03::SCWPlatform::DSA given E:/XilinxProject/IO_exp/IO_exp2.sw/mb_basic_io/hw/design_1_wrapper.xsa
TRACE::2026-06-04.18:24:03::SCWPlatform::DSA absoulate path E:/XilinxProject/IO_exp/IO_exp2.sw/mb_basic_io/hw/design_1_wrapper.xsa
TRACE::2026-06-04.18:24:03::SCWPlatform::DSA directory E:/XilinxProject/IO_exp/IO_exp2.sw/mb_basic_io/hw
TRACE::2026-06-04.18:24:03::SCWPlatform:: Platform Path E:/XilinxProject/IO_exp/IO_exp2.sw/mb_basic_io/hw/design_1_wrapper.xsa
TRACE::2026-06-04.18:24:03::SCWPlatform:: Unique name xilinx:nexys4_ddr::0.0
TRACE::2026-06-04.18:24:03::SCWPlatform::Trying to set the existing hwdb with name design_1_wrapper_0
TRACE::2026-06-04.18:24:03::SCWPlatform::Opened existing hwdb design_1_wrapper_0
TRACE::2026-06-04.18:24:03::SCWPlatform::Found the Hw Db part of the input DSA
TRACE::2026-06-04.18:24:03::SCWMssOS::Checking the sw design at  E:/XilinxProject/IO_exp/IO_exp2.sw/mb_basic_io/microblaze_0/standalone_domain/bsp/system.mss
TRACE::2026-06-04.18:24:03::SCWMssOS::DEBUG:  swdes dump  E:/XilinxProject/IO_exp/IO_exp2.sw/mb_basic_io/microblaze_0/standalone_domain/bsp/system.mss|system||

TRACE::2026-06-04.18:24:03::SCWMssOS::Sw design exists and opened at  E:/XilinxProject/IO_exp/IO_exp2.sw/mb_basic_io/microblaze_0/standalone_domain/bsp/system.mss
TRACE::2026-06-04.18:24:03::SCWPlatform::Trying to open the hw design at E:/XilinxProject/IO_exp/IO_exp2.sw/mb_basic_io/hw/design_1_wrapper.xsa
TRACE::2026-06-04.18:24:03::SCWPlatform::DSA given E:/XilinxProject/IO_exp/IO_exp2.sw/mb_basic_io/hw/design_1_wrapper.xsa
TRACE::2026-06-04.18:24:03::SCWPlatform::DSA absoulate path E:/XilinxProject/IO_exp/IO_exp2.sw/mb_basic_io/hw/design_1_wrapper.xsa
TRACE::2026-06-04.18:24:03::SCWPlatform::DSA directory E:/XilinxProject/IO_exp/IO_exp2.sw/mb_basic_io/hw
TRACE::2026-06-04.18:24:03::SCWPlatform:: Platform Path E:/XilinxProject/IO_exp/IO_exp2.sw/mb_basic_io/hw/design_1_wrapper.xsa
TRACE::2026-06-04.18:24:03::SCWPlatform:: Unique name xilinx:nexys4_ddr::0.0
TRACE::2026-06-04.18:24:03::SCWPlatform::Trying to set the existing hwdb with name design_1_wrapper_0
TRACE::2026-06-04.18:24:03::SCWPlatform::Opened existing hwdb design_1_wrapper_0
TRACE::2026-06-04.18:24:03::SCWPlatform::Found the Hw Db part of the input DSA
TRACE::2026-06-04.18:24:03::SCWMssOS::Checking the sw design at  E:/XilinxProject/IO_exp/IO_exp2.sw/mb_basic_io/microblaze_0/standalone_domain/bsp/system.mss
TRACE::2026-06-04.18:24:03::SCWMssOS::DEBUG:  swdes dump  E:/XilinxProject/IO_exp/IO_exp2.sw/mb_basic_io/microblaze_0/standalone_domain/bsp/system.mss|system||

TRACE::2026-06-04.18:24:03::SCWMssOS::Sw design exists and opened at  E:/XilinxProject/IO_exp/IO_exp2.sw/mb_basic_io/microblaze_0/standalone_domain/bsp/system.mss
TRACE::2026-06-04.18:24:03::SCWWriter::formatted JSON is {
	"platformName":	"mb_basic_io",
	"sprVersion":	"2.0",
	"mode":	"gui",
	"dsaType":	"Fixed",
	"platformDesc":	"mb_basic_io",
	"platHandOff":	"E:/XilinxProject/IO_exp/design_1_wrapper.xsa",
	"platIntHandOff":	"<platformDir>/hw/design_1_wrapper.xsa",
	"deviceType":	"FPGA",
	"platIsPrebuiltAutogen":	"false",
	"platIsNoBootBsp":	"false",
	"hasFsblMakeHasChanges":	"false",
	"hasPmufwMakeHasChanges":	"false",
	"platPreBuiltFlag":	false,
	"platformSamplesDir":	"",
	"platActiveSys":	"mb_basic_io",
	"systems":	[{
			"systemName":	"mb_basic_io",
			"systemDesc":	"mb_basic_io",
			"sysIsBootAutoGen":	"true",
			"systemDispName":	"mb_basic_io",
			"sysActiveDom":	"standalone_domain",
			"sysDefaultDom":	"standalone_domain",
			"domains":	[{
					"domainName":	"standalone_domain",
					"domainDispName":	"standalone on microblaze_0",
					"domainDesc":	"standalone_domain",
					"processors":	"microblaze_0",
					"os":	"standalone",
					"sdxOs":	"standalone",
					"debugEnable":	"False",
					"domRuntimes":	["cpp"],
					"swRepo":	"",
					"mssOsVer":	"7.6",
					"mssFile":	"",
					"md5Digest":	"f3846bf43104bdbfe064a20c4a3cdccd",
					"compatibleApp":	"",
					"domType":	"mssDomain",
					"arch":	"32-bit",
					"appSettings":	{
						"appCompilerFlags":	"",
						"appLinkerFlags":	""
					},
					"addedLibs":	[],
					"libOptions":	{
						"libsContainingOptions":	[]
					},
					"prebuiltLibs":	{
						"prebuiltIncPath":	[],
						"prebuiltLibPath":	[]
					},
					"isolation":	{
					}
				}]
		}]
}
TRACE::2026-06-04.18:24:03::SCWPlatform::Clearing the existing platform
TRACE::2026-06-04.18:24:03::SCWSystem::Clearing the existing sysconfig
TRACE::2026-06-04.18:24:03::SCWMssOS::Removing the swdes entry for  E:/XilinxProject/IO_exp/IO_exp2.sw/mb_basic_io/microblaze_0/standalone_domain/bsp/system.mss
TRACE::2026-06-04.18:24:03::SCWSystem::Clearing the domains completed.
TRACE::2026-06-04.18:24:03::SCWPlatform::Clearing the opened hw db.
TRACE::2026-06-04.18:24:03::SCWPlatform::DSA given E:/XilinxProject/IO_exp/IO_exp2.sw/mb_basic_io/hw/design_1_wrapper.xsa
TRACE::2026-06-04.18:24:03::SCWPlatform::DSA absoulate path E:/XilinxProject/IO_exp/IO_exp2.sw/mb_basic_io/hw/design_1_wrapper.xsa
TRACE::2026-06-04.18:24:03::SCWPlatform:: Platform location is E:/XilinxProject/IO_exp/IO_exp2.sw/mb_basic_io/hw
TRACE::2026-06-04.18:24:03::SCWPlatform:: Platform Path E:/XilinxProject/IO_exp/IO_exp2.sw/mb_basic_io/hw/design_1_wrapper.xsa
TRACE::2026-06-04.18:24:03::SCWPlatform:: Unique name xilinx:nexys4_ddr::0.0
TRACE::2026-06-04.18:24:03::SCWPlatform::Removing the HwDB with name E:/XilinxProject/IO_exp/IO_exp2.sw/mb_basic_io/hw/design_1_wrapper.xsa
TRACE::2026-06-04.18:24:03::SCWPlatform::Trying to open the hw design at E:/XilinxProject/IO_exp/IO_exp2.sw/mb_basic_io/hw/design_1_wrapper.xsa
TRACE::2026-06-04.18:24:03::SCWPlatform::DSA given E:/XilinxProject/IO_exp/IO_exp2.sw/mb_basic_io/hw/design_1_wrapper.xsa
TRACE::2026-06-04.18:24:03::SCWPlatform::DSA absoulate path E:/XilinxProject/IO_exp/IO_exp2.sw/mb_basic_io/hw/design_1_wrapper.xsa
TRACE::2026-06-04.18:24:03::SCWPlatform::DSA directory E:/XilinxProject/IO_exp/IO_exp2.sw/mb_basic_io/hw
TRACE::2026-06-04.18:24:03::SCWPlatform:: Platform Path E:/XilinxProject/IO_exp/IO_exp2.sw/mb_basic_io/hw/design_1_wrapper.xsa
TRACE::2026-06-04.18:24:03::SCWPlatform:: Unique name xilinx:nexys4_ddr::0.0
TRACE::2026-06-04.18:24:03::SCWPlatform::Do not have an existing db opened. 
TRACE::2026-06-04.18:24:10::SCWPlatform::Opened new HwDB with name design_1_wrapper_1
TRACE::2026-06-04.18:24:10::SCWReader::Active system found as  mb_basic_io
TRACE::2026-06-04.18:24:10::SCWReader::Handling sysconfig mb_basic_io
TRACE::2026-06-04.18:24:10::SCWDomain::checking for install qemu data   : 
TRACE::2026-06-04.18:24:10::SCWPlatform::Trying to open the hw design at E:/XilinxProject/IO_exp/IO_exp2.sw/mb_basic_io/hw/design_1_wrapper.xsa
TRACE::2026-06-04.18:24:10::SCWPlatform::DSA given E:/XilinxProject/IO_exp/IO_exp2.sw/mb_basic_io/hw/design_1_wrapper.xsa
TRACE::2026-06-04.18:24:10::SCWPlatform::DSA absoulate path E:/XilinxProject/IO_exp/IO_exp2.sw/mb_basic_io/hw/design_1_wrapper.xsa
TRACE::2026-06-04.18:24:10::SCWPlatform::DSA directory E:/XilinxProject/IO_exp/IO_exp2.sw/mb_basic_io/hw
TRACE::2026-06-04.18:24:10::SCWPlatform:: Platform Path E:/XilinxProject/IO_exp/IO_exp2.sw/mb_basic_io/hw/design_1_wrapper.xsa
TRACE::2026-06-04.18:24:10::SCWPlatform:: Unique name xilinx:nexys4_ddr::0.0
TRACE::2026-06-04.18:24:10::SCWPlatform::Trying to set the existing hwdb with name design_1_wrapper_1
TRACE::2026-06-04.18:24:10::SCWPlatform::Opened existing hwdb design_1_wrapper_1
TRACE::2026-06-04.18:24:10::SCWPlatform::Found the Hw Db part of the input DSA
TRACE::2026-06-04.18:24:10::SCWPlatform::Trying to open the hw design at E:/XilinxProject/IO_exp/IO_exp2.sw/mb_basic_io/hw/design_1_wrapper.xsa
TRACE::2026-06-04.18:24:10::SCWPlatform::DSA given E:/XilinxProject/IO_exp/IO_exp2.sw/mb_basic_io/hw/design_1_wrapper.xsa
TRACE::2026-06-04.18:24:10::SCWPlatform::DSA absoulate path E:/XilinxProject/IO_exp/IO_exp2.sw/mb_basic_io/hw/design_1_wrapper.xsa
TRACE::2026-06-04.18:24:10::SCWPlatform::DSA directory E:/XilinxProject/IO_exp/IO_exp2.sw/mb_basic_io/hw
TRACE::2026-06-04.18:24:10::SCWPlatform:: Platform Path E:/XilinxProject/IO_exp/IO_exp2.sw/mb_basic_io/hw/design_1_wrapper.xsa
TRACE::2026-06-04.18:24:10::SCWPlatform:: Unique name xilinx:nexys4_ddr::0.0
TRACE::2026-06-04.18:24:10::SCWPlatform::Trying to set the existing hwdb with name design_1_wrapper_1
TRACE::2026-06-04.18:24:10::SCWPlatform::Opened existing hwdb design_1_wrapper_1
TRACE::2026-06-04.18:24:10::SCWPlatform::Found the Hw Db part of the input DSA
TRACE::2026-06-04.18:24:10::SCWPlatform::Trying to open the hw design at E:/XilinxProject/IO_exp/IO_exp2.sw/mb_basic_io/hw/design_1_wrapper.xsa
TRACE::2026-06-04.18:24:10::SCWPlatform::DSA given E:/XilinxProject/IO_exp/IO_exp2.sw/mb_basic_io/hw/design_1_wrapper.xsa
TRACE::2026-06-04.18:24:10::SCWPlatform::DSA absoulate path E:/XilinxProject/IO_exp/IO_exp2.sw/mb_basic_io/hw/design_1_wrapper.xsa
TRACE::2026-06-04.18:24:10::SCWPlatform::DSA directory E:/XilinxProject/IO_exp/IO_exp2.sw/mb_basic_io/hw
TRACE::2026-06-04.18:24:10::SCWPlatform:: Platform Path E:/XilinxProject/IO_exp/IO_exp2.sw/mb_basic_io/hw/design_1_wrapper.xsa
TRACE::2026-06-04.18:24:10::SCWPlatform:: Unique name xilinx:nexys4_ddr::0.0
TRACE::2026-06-04.18:24:10::SCWPlatform::Trying to set the existing hwdb with name design_1_wrapper_1
TRACE::2026-06-04.18:24:10::SCWPlatform::Opened existing hwdb design_1_wrapper_1
TRACE::2026-06-04.18:24:10::SCWPlatform::Found the Hw Db part of the input DSA
TRACE::2026-06-04.18:24:10::SCWPlatform::Trying to open the hw design at E:/XilinxProject/IO_exp/IO_exp2.sw/mb_basic_io/hw/design_1_wrapper.xsa
TRACE::2026-06-04.18:24:10::SCWPlatform::DSA given E:/XilinxProject/IO_exp/IO_exp2.sw/mb_basic_io/hw/design_1_wrapper.xsa
TRACE::2026-06-04.18:24:10::SCWPlatform::DSA absoulate path E:/XilinxProject/IO_exp/IO_exp2.sw/mb_basic_io/hw/design_1_wrapper.xsa
TRACE::2026-06-04.18:24:10::SCWPlatform::DSA directory E:/XilinxProject/IO_exp/IO_exp2.sw/mb_basic_io/hw
TRACE::2026-06-04.18:24:10::SCWPlatform:: Platform Path E:/XilinxProject/IO_exp/IO_exp2.sw/mb_basic_io/hw/design_1_wrapper.xsa
TRACE::2026-06-04.18:24:10::SCWPlatform:: Unique name xilinx:nexys4_ddr::0.0
TRACE::2026-06-04.18:24:10::SCWPlatform::Trying to set the existing hwdb with name design_1_wrapper_1
TRACE::2026-06-04.18:24:10::SCWPlatform::Opened existing hwdb design_1_wrapper_1
TRACE::2026-06-04.18:24:10::SCWPlatform::Found the Hw Db part of the input DSA
TRACE::2026-06-04.18:24:10::SCWMssOS::Checking the sw design at  E:/XilinxProject/IO_exp/IO_exp2.sw/mb_basic_io/microblaze_0/standalone_domain/bsp/system.mss
TRACE::2026-06-04.18:24:10::SCWMssOS::DEBUG:  swdes dump  
TRACE::2026-06-04.18:24:10::SCWMssOS::No sw design opened at  E:/XilinxProject/IO_exp/IO_exp2.sw/mb_basic_io/microblaze_0/standalone_domain/bsp/system.mss
TRACE::2026-06-04.18:24:10::SCWMssOS::mss exists loading the mss file  E:/XilinxProject/IO_exp/IO_exp2.sw/mb_basic_io/microblaze_0/standalone_domain/bsp/system.mss
TRACE::2026-06-04.18:24:10::SCWMssOS::Opened the sw design from mss  E:/XilinxProject/IO_exp/IO_exp2.sw/mb_basic_io/microblaze_0/standalone_domain/bsp/system.mss
TRACE::2026-06-04.18:24:10::SCWMssOS::Adding the swdes entry E:/XilinxProject/IO_exp/IO_exp2.sw/mb_basic_io/microblaze_0/standalone_domain/bsp/system.mss with des name system
TRACE::2026-06-04.18:24:10::SCWMssOS::updating the scw layer about changes
TRACE::2026-06-04.18:24:10::SCWMssOS::Opened the sw design.  E:/XilinxProject/IO_exp/IO_exp2.sw/mb_basic_io/microblaze_0/standalone_domain/bsp/system.mss
TRACE::2026-06-04.18:24:10::SCWMssOS::Saving the mss changes E:/XilinxProject/IO_exp/IO_exp2.sw/mb_basic_io/microblaze_0/standalone_domain/bsp/system.mss
TRACE::2026-06-04.18:24:10::SCWMssOS::Found a swdesign opened with the mssfile.
TRACE::2026-06-04.18:24:10::SCWMssOS::Completed writemss as part of save.
TRACE::2026-06-04.18:24:10::SCWMssOS::Commit changes completed.
TRACE::2026-06-04.18:24:10::SCWReader::Adding prebuilt librarypaths as   
TRACE::2026-06-04.18:24:10::SCWReader::Adding prebuilt incpaths  as   
TRACE::2026-06-04.18:24:10::SCWPlatform::Trying to open the hw design at E:/XilinxProject/IO_exp/IO_exp2.sw/mb_basic_io/hw/design_1_wrapper.xsa
TRACE::2026-06-04.18:24:10::SCWPlatform::DSA given E:/XilinxProject/IO_exp/IO_exp2.sw/mb_basic_io/hw/design_1_wrapper.xsa
TRACE::2026-06-04.18:24:10::SCWPlatform::DSA absoulate path E:/XilinxProject/IO_exp/IO_exp2.sw/mb_basic_io/hw/design_1_wrapper.xsa
TRACE::2026-06-04.18:24:10::SCWPlatform::DSA directory E:/XilinxProject/IO_exp/IO_exp2.sw/mb_basic_io/hw
TRACE::2026-06-04.18:24:10::SCWPlatform:: Platform Path E:/XilinxProject/IO_exp/IO_exp2.sw/mb_basic_io/hw/design_1_wrapper.xsa
TRACE::2026-06-04.18:24:10::SCWPlatform:: Unique name xilinx:nexys4_ddr::0.0
TRACE::2026-06-04.18:24:10::SCWPlatform::Trying to set the existing hwdb with name design_1_wrapper_1
TRACE::2026-06-04.18:24:10::SCWPlatform::Opened existing hwdb design_1_wrapper_1
TRACE::2026-06-04.18:24:10::SCWPlatform::Found the Hw Db part of the input DSA
TRACE::2026-06-04.18:24:10::SCWMssOS::Checking the sw design at  E:/XilinxProject/IO_exp/IO_exp2.sw/mb_basic_io/microblaze_0/standalone_domain/bsp/system.mss
TRACE::2026-06-04.18:24:10::SCWMssOS::DEBUG:  swdes dump  E:/XilinxProject/IO_exp/IO_exp2.sw/mb_basic_io/microblaze_0/standalone_domain/bsp/system.mss|system||

TRACE::2026-06-04.18:24:10::SCWMssOS::Sw design exists and opened at  E:/XilinxProject/IO_exp/IO_exp2.sw/mb_basic_io/microblaze_0/standalone_domain/bsp/system.mss
TRACE::2026-06-04.18:24:10::SCWReader::No isolation master present  
LOG::2026-06-04.18:34:19::SCWPlatform::Started generating the artifacts platform mb_basic_io
TRACE::2026-06-04.18:34:19::SCWPlatform::Sanity checking of platform is completed
LOG::2026-06-04.18:34:19::SCWPlatform::Started generating the artifacts for system configuration mb_basic_io
LOG::2026-06-04.18:34:19::SCWSystem::Checking the domain standalone_domain
LOG::2026-06-04.18:34:19::SCWSystem::Not a boot domain 
LOG::2026-06-04.18:34:19::SCWSystem::Started Processing the domain standalone_domain
TRACE::2026-06-04.18:34:19::SCWDomain::Generating domain artifcats
TRACE::2026-06-04.18:34:19::SCWMssOS::Generating standalone artifcats
TRACE::2026-06-04.18:34:19::SCWMssOS:: Copying the user libraries. 
TRACE::2026-06-04.18:34:19::SCWPlatform::Trying to open the hw design at E:/XilinxProject/IO_exp/IO_exp2.sw/mb_basic_io/hw/design_1_wrapper.xsa
TRACE::2026-06-04.18:34:19::SCWPlatform::DSA given E:/XilinxProject/IO_exp/IO_exp2.sw/mb_basic_io/hw/design_1_wrapper.xsa
TRACE::2026-06-04.18:34:19::SCWPlatform::DSA absoulate path E:/XilinxProject/IO_exp/IO_exp2.sw/mb_basic_io/hw/design_1_wrapper.xsa
TRACE::2026-06-04.18:34:19::SCWPlatform::DSA directory E:/XilinxProject/IO_exp/IO_exp2.sw/mb_basic_io/hw
TRACE::2026-06-04.18:34:19::SCWPlatform:: Platform Path E:/XilinxProject/IO_exp/IO_exp2.sw/mb_basic_io/hw/design_1_wrapper.xsa
TRACE::2026-06-04.18:34:19::SCWPlatform:: Unique name xilinx:nexys4_ddr::0.0
TRACE::2026-06-04.18:34:19::SCWPlatform::Trying to set the existing hwdb with name design_1_wrapper_1
TRACE::2026-06-04.18:34:19::SCWPlatform::Opened existing hwdb design_1_wrapper_1
TRACE::2026-06-04.18:34:19::SCWPlatform::Found the Hw Db part of the input DSA
TRACE::2026-06-04.18:34:19::SCWMssOS::Checking the sw design at  E:/XilinxProject/IO_exp/IO_exp2.sw/mb_basic_io/microblaze_0/standalone_domain/bsp/system.mss
TRACE::2026-06-04.18:34:19::SCWMssOS::DEBUG:  swdes dump  E:/XilinxProject/IO_exp/IO_exp2.sw/mb_basic_io/microblaze_0/standalone_domain/bsp/system.mss|system||

TRACE::2026-06-04.18:34:19::SCWMssOS::Sw design exists and opened at  E:/XilinxProject/IO_exp/IO_exp2.sw/mb_basic_io/microblaze_0/standalone_domain/bsp/system.mss
TRACE::2026-06-04.18:34:19::SCWMssOS::Completed writing the mss file at E:/XilinxProject/IO_exp/IO_exp2.sw/mb_basic_io/microblaze_0/standalone_domain/bsp
TRACE::2026-06-04.18:34:19::SCWMssOS::Mss edits present, copying mssfile into export location E:/XilinxProject/IO_exp/IO_exp2.sw/mb_basic_io/microblaze_0/standalone_domain/bsp/system.mss
TRACE::2026-06-04.18:34:19::SCWMssOS::bsp generated is upto date with the mss file. Skipping bsp generation.
TRACE::2026-06-04.18:34:19::SCWMssOS::BSP is already built. skipping the bsp build ... 
TRACE::2026-06-04.18:34:19::SCWDomain::Building the domain as part of full build :  standalone_domain
TRACE::2026-06-04.18:34:19::SCWMssOS::doing bsp build ... 
TRACE::2026-06-04.18:34:19::SCWMssOS::System Command Ran  E: & cd  E:/XilinxProject/IO_exp/IO_exp2.sw/mb_basic_io/microblaze_0/standalone_domain/bsp & make 
TRACE::2026-06-04.18:34:20::SCWMssOS::make --no-print-directory seq_libs

TRACE::2026-06-04.18:34:20::SCWMssOS::'Finished building libraries sequentially.'

TRACE::2026-06-04.18:34:20::SCWMssOS::make -j 16 --no-print-directory par_libs

TRACE::2026-06-04.18:34:20::SCWMssOS::"Running Make include in microblaze_0/libsrc/bram_v4_7/src"

TRACE::2026-06-04.18:34:20::SCWMssOS::make -C microblaze_0/libsrc/bram_v4_7/src -s include  "SHELL=CMD" "COMPILER=mb-gcc" "ASSEMBLER=mb-as" "ARCHIVER=mb-ar" "COMPILE
TRACE::2026-06-04.18:34:20::SCWMssOS::R_FLAGS=  -O2 -c -mcpu=v11.0 -mlittle-endian -mxl-soft-mul" "EXTRA_COMPILER_FLAGS=-g -ffunction-sections -fdata-sections -Wall 
TRACE::2026-06-04.18:34:20::SCWMssOS::-Wextra -fno-tree-loop-distribute-patterns"

TRACE::2026-06-04.18:34:20::SCWMssOS::"Running Make include in microblaze_0/libsrc/cpu_v2_14/src"

TRACE::2026-06-04.18:34:20::SCWMssOS::make -C microblaze_0/libsrc/cpu_v2_14/src -s include  "SHELL=CMD" "COMPILER=mb-gcc" "ASSEMBLER=mb-as" "ARCHIVER=mb-ar" "COMPILE
TRACE::2026-06-04.18:34:20::SCWMssOS::R_FLAGS=  -O2 -c -mcpu=v11.0 -mlittle-endian -mxl-soft-mul" "EXTRA_COMPILER_FLAGS=-g -ffunction-sections -fdata-sections -Wall 
TRACE::2026-06-04.18:34:20::SCWMssOS::-Wextra -fno-tree-loop-distribute-patterns"

TRACE::2026-06-04.18:34:20::SCWMssOS::"Running Make include in microblaze_0/libsrc/gpio_v4_8/src"

TRACE::2026-06-04.18:34:20::SCWMssOS::make -C microblaze_0/libsrc/gpio_v4_8/src -s include  "SHELL=CMD" "COMPILER=mb-gcc" "ASSEMBLER=mb-as" "ARCHIVER=mb-ar" "COMPILE
TRACE::2026-06-04.18:34:20::SCWMssOS::R_FLAGS=  -O2 -c -mcpu=v11.0 -mlittle-endian -mxl-soft-mul" "EXTRA_COMPILER_FLAGS=-g -ffunction-sections -fdata-sections -Wall 
TRACE::2026-06-04.18:34:20::SCWMssOS::-Wextra -fno-tree-loop-distribute-patterns"

TRACE::2026-06-04.18:34:20::SCWMssOS::"Running Make include in microblaze_0/libsrc/intc_v3_13/src"

TRACE::2026-06-04.18:34:20::SCWMssOS::make -C microblaze_0/libsrc/intc_v3_13/src -s include  "SHELL=CMD" "COMPILER=mb-gcc" "ASSEMBLER=mb-as" "ARCHIVER=mb-ar" "COMPIL
TRACE::2026-06-04.18:34:20::SCWMssOS::ER_FLAGS=  -O2 -c -mcpu=v11.0 -mlittle-endian -mxl-soft-mul" "EXTRA_COMPILER_FLAGS=-g -ffunction-sections -fdata-sections -Wall
TRACE::2026-06-04.18:34:20::SCWMssOS:: -Wextra -fno-tree-loop-distribute-patterns"

TRACE::2026-06-04.18:34:20::SCWMssOS::"Running Make include in microblaze_0/libsrc/spi_v4_8/src"

TRACE::2026-06-04.18:34:20::SCWMssOS::make -C microblaze_0/libsrc/spi_v4_8/src -s include  "SHELL=CMD" "COMPILER=mb-gcc" "ASSEMBLER=mb-as" "ARCHIVER=mb-ar" "COMPILER
TRACE::2026-06-04.18:34:20::SCWMssOS::_FLAGS=  -O2 -c -mcpu=v11.0 -mlittle-endian -mxl-soft-mul" "EXTRA_COMPILER_FLAGS=-g -ffunction-sections -fdata-sections -Wall -
TRACE::2026-06-04.18:34:20::SCWMssOS::Wextra -fno-tree-loop-distribute-patterns"

TRACE::2026-06-04.18:34:20::SCWMssOS::"Running Make include in microblaze_0/libsrc/standalone_v7_6/src"

TRACE::2026-06-04.18:34:20::SCWMssOS::make -C microblaze_0/libsrc/standalone_v7_6/src -s include  "SHELL=CMD" "COMPILER=mb-gcc" "ASSEMBLER=mb-as" "ARCHIVER=mb-ar" "C
TRACE::2026-06-04.18:34:20::SCWMssOS::OMPILER_FLAGS=  -O2 -c -mcpu=v11.0 -mlittle-endian -mxl-soft-mul" "EXTRA_COMPILER_FLAGS=-g -ffunction-sections -fdata-sections 
TRACE::2026-06-04.18:34:20::SCWMssOS::-Wall -Wextra -fno-tree-loop-distribute-patterns"

TRACE::2026-06-04.18:34:20::SCWMssOS::"Running Make include in microblaze_0/libsrc/tmrctr_v4_8/src"

TRACE::2026-06-04.18:34:20::SCWMssOS::make -C microblaze_0/libsrc/tmrctr_v4_8/src -s include  "SHELL=CMD" "COMPILER=mb-gcc" "ASSEMBLER=mb-as" "ARCHIVER=mb-ar" "COMPI
TRACE::2026-06-04.18:34:20::SCWMssOS::LER_FLAGS=  -O2 -c -mcpu=v11.0 -mlittle-endian -mxl-soft-mul" "EXTRA_COMPILER_FLAGS=-g -ffunction-sections -fdata-sections -Wal
TRACE::2026-06-04.18:34:20::SCWMssOS::l -Wextra -fno-tree-loop-distribute-patterns"

TRACE::2026-06-04.18:34:20::SCWMssOS::"Running Make include in microblaze_0/libsrc/uartlite_v3_6/src"

TRACE::2026-06-04.18:34:20::SCWMssOS::make -C microblaze_0/libsrc/uartlite_v3_6/src -s include  "SHELL=CMD" "COMPILER=mb-gcc" "ASSEMBLER=mb-as" "ARCHIVER=mb-ar" "COM
TRACE::2026-06-04.18:34:20::SCWMssOS::PILER_FLAGS=  -O2 -c -mcpu=v11.0 -mlittle-endian -mxl-soft-mul" "EXTRA_COMPILER_FLAGS=-g -ffunction-sections -fdata-sections -W
TRACE::2026-06-04.18:34:20::SCWMssOS::all -Wextra -fno-tree-loop-distribute-patterns"

TRACE::2026-06-04.18:34:21::SCWMssOS::"Running Make libs in microblaze_0/libsrc/bram_v4_7/src"

TRACE::2026-06-04.18:34:21::SCWMssOS::make -C microblaze_0/libsrc/bram_v4_7/src -s libs  "SHELL=CMD" "COMPILER=mb-gcc" "ASSEMBLER=mb-as" "ARCHIVER=mb-ar" "COMPILER_F
TRACE::2026-06-04.18:34:21::SCWMssOS::LAGS=  -O2 -c -mcpu=v11.0 -mlittle-endian -mxl-soft-mul" "EXTRA_COMPILER_FLAGS=-g -ffunction-sections -fdata-sections -Wall -We
TRACE::2026-06-04.18:34:21::SCWMssOS::xtra -fno-tree-loop-distribute-patterns"

TRACE::2026-06-04.18:34:21::SCWMssOS::"Running Make libs in microblaze_0/libsrc/cpu_v2_14/src"

TRACE::2026-06-04.18:34:21::SCWMssOS::make -C microblaze_0/libsrc/cpu_v2_14/src -s libs  "SHELL=CMD" "COMPILER=mb-gcc" "ASSEMBLER=mb-as" "ARCHIVER=mb-ar" "COMPILER_F
TRACE::2026-06-04.18:34:21::SCWMssOS::LAGS=  -O2 -c -mcpu=v11.0 -mlittle-endian -mxl-soft-mul" "EXTRA_COMPILER_FLAGS=-g -ffunction-sections -fdata-sections -Wall -We
TRACE::2026-06-04.18:34:21::SCWMssOS::xtra -fno-tree-loop-distribute-patterns"

TRACE::2026-06-04.18:34:21::SCWMssOS::"Running Make libs in microblaze_0/libsrc/gpio_v4_8/src"

TRACE::2026-06-04.18:34:21::SCWMssOS::make -C microblaze_0/libsrc/gpio_v4_8/src -s libs  "SHELL=CMD" "COMPILER=mb-gcc" "ASSEMBLER=mb-as" "ARCHIVER=mb-ar" "COMPILER_F
TRACE::2026-06-04.18:34:21::SCWMssOS::LAGS=  -O2 -c -mcpu=v11.0 -mlittle-endian -mxl-soft-mul" "EXTRA_COMPILER_FLAGS=-g -ffunction-sections -fdata-sections -Wall -We
TRACE::2026-06-04.18:34:21::SCWMssOS::xtra -fno-tree-loop-distribute-patterns"

TRACE::2026-06-04.18:34:21::SCWMssOS::"Running Make libs in microblaze_0/libsrc/intc_v3_13/src"

TRACE::2026-06-04.18:34:22::SCWMssOS::make -C microblaze_0/libsrc/intc_v3_13/src -s libs  "SHELL=CMD" "COMPILER=mb-gcc" "ASSEMBLER=mb-as" "ARCHIVER=mb-ar" "COMPILER_
TRACE::2026-06-04.18:34:22::SCWMssOS::FLAGS=  -O2 -c -mcpu=v11.0 -mlittle-endian -mxl-soft-mul" "EXTRA_COMPILER_FLAGS=-g -ffunction-sections -fdata-sections -Wall -W
TRACE::2026-06-04.18:34:22::SCWMssOS::extra -fno-tree-loop-distribute-patterns"

TRACE::2026-06-04.18:34:22::SCWMssOS::"Running Make libs in microblaze_0/libsrc/spi_v4_8/src"

TRACE::2026-06-04.18:34:22::SCWMssOS::make -C microblaze_0/libsrc/spi_v4_8/src -s libs  "SHELL=CMD" "COMPILER=mb-gcc" "ASSEMBLER=mb-as" "ARCHIVER=mb-ar" "COMPILER_FL
TRACE::2026-06-04.18:34:22::SCWMssOS::AGS=  -O2 -c -mcpu=v11.0 -mlittle-endian -mxl-soft-mul" "EXTRA_COMPILER_FLAGS=-g -ffunction-sections -fdata-sections -Wall -Wex
TRACE::2026-06-04.18:34:22::SCWMssOS::tra -fno-tree-loop-distribute-patterns"

TRACE::2026-06-04.18:34:22::SCWMssOS::"Running Make libs in microblaze_0/libsrc/standalone_v7_6/src"

TRACE::2026-06-04.18:34:22::SCWMssOS::make -C microblaze_0/libsrc/standalone_v7_6/src -s libs  "SHELL=CMD" "COMPILER=mb-gcc" "ASSEMBLER=mb-as" "ARCHIVER=mb-ar" "COMP
TRACE::2026-06-04.18:34:22::SCWMssOS::ILER_FLAGS=  -O2 -c -mcpu=v11.0 -mlittle-endian -mxl-soft-mul" "EXTRA_COMPILER_FLAGS=-g -ffunction-sections -fdata-sections -Wa
TRACE::2026-06-04.18:34:22::SCWMssOS::ll -Wextra -fno-tree-loop-distribute-patterns"

TRACE::2026-06-04.18:34:22::SCWMssOS::"Running Make libs in microblaze_0/libsrc/tmrctr_v4_8/src"

TRACE::2026-06-04.18:34:22::SCWMssOS::make -C microblaze_0/libsrc/tmrctr_v4_8/src -s libs  "SHELL=CMD" "COMPILER=mb-gcc" "ASSEMBLER=mb-as" "ARCHIVER=mb-ar" "COMPILER
TRACE::2026-06-04.18:34:22::SCWMssOS::_FLAGS=  -O2 -c -mcpu=v11.0 -mlittle-endian -mxl-soft-mul" "EXTRA_COMPILER_FLAGS=-g -ffunction-sections -fdata-sections -Wall -
TRACE::2026-06-04.18:34:22::SCWMssOS::Wextra -fno-tree-loop-distribute-patterns"

TRACE::2026-06-04.18:34:22::SCWMssOS::"Running Make libs in microblaze_0/libsrc/uartlite_v3_6/src"

TRACE::2026-06-04.18:34:22::SCWMssOS::make -C microblaze_0/libsrc/uartlite_v3_6/src -s libs  "SHELL=CMD" "COMPILER=mb-gcc" "ASSEMBLER=mb-as" "ARCHIVER=mb-ar" "COMPIL
TRACE::2026-06-04.18:34:22::SCWMssOS::ER_FLAGS=  -O2 -c -mcpu=v11.0 -mlittle-endian -mxl-soft-mul" "EXTRA_COMPILER_FLAGS=-g -ffunction-sections -fdata-sections -Wall
TRACE::2026-06-04.18:34:22::SCWMssOS:: -Wextra -fno-tree-loop-distribute-patterns"

TRACE::2026-06-04.18:34:24::SCWMssOS::"DEBUG NON_LTO_OBJECTS is ../../../lib/microblaze_interrupt_handler.o"

TRACE::2026-06-04.18:34:24::SCWMssOS::'Finished building libraries parallelly.'

TRACE::2026-06-04.18:34:24::SCWMssOS::make --no-print-directory archive

TRACE::2026-06-04.18:34:25::SCWMssOS::mb-ar -r  microblaze_0/lib/libxil.a microblaze_0/lib/xplatform_info.o microblaze_0/lib/xuartlite.o microblaze_0/lib/microblaze_
TRACE::2026-06-04.18:34:25::SCWMssOS::disable_exceptions.o microblaze_0/lib/print.o microblaze_0/lib/xtmrctr_options.o microblaze_0/lib/_exit.o microblaze_0/lib/xil_
TRACE::2026-06-04.18:34:25::SCWMssOS::testio.o microblaze_0/lib/microblaze_disable_dcache.o microblaze_0/lib/microblaze_flush_dcache_range.o microblaze_0/lib/xspi_g.
TRACE::2026-06-04.18:34:25::SCWMssOS::o microblaze_0/lib/microblaze_flush_cache_ext.o microblaze_0/lib/xbram_sinit.o microblaze_0/lib/xspi_sinit.o microblaze_0/lib/x
TRACE::2026-06-04.18:34:25::SCWMssOS::il_misc_psreset_api.o microblaze_0/lib/xspi_selftest.o microblaze_0/lib/xil_cache.o microblaze_0/lib/xil_util.o microblaze_0/li
TRACE::2026-06-04.18:34:25::SCWMssOS::b/inbyte.o microblaze_0/lib/microblaze_exception_handler.o microblaze_0/lib/xbram_g.o microblaze_0/lib/microblaze_scrub.o micro
TRACE::2026-06-04.18:34:25::SCWMssOS::blaze_0/lib/microblaze_invalidate_dcache.o microblaze_0/lib/microblaze_disable_interrupts.o microblaze_0/lib/xbram_selftest.o m
TRACE::2026-06-04.18:34:25::SCWMssOS::icroblaze_0/lib/microblaze_interrupt_handler.o microblaze_0/lib/microblaze_disable_icache.o microblaze_0/lib/xuartlite_sinit.o 
TRACE::2026-06-04.18:34:25::SCWMssOS::microblaze_0/lib/xgpio_g.o microblaze_0/lib/xil_mem.o microblaze_0/lib/xspi_stats.o microblaze_0/lib/microblaze_flush_cache_ext
TRACE::2026-06-04.18:34:25::SCWMssOS::_range.o microblaze_0/lib/xtmrctr_intr.o microblaze_0/lib/xbram_intr.o microblaze_0/lib/xil_sleepcommon.o microblaze_0/lib/xil_
TRACE::2026-06-04.18:34:25::SCWMssOS::printf.o microblaze_0/lib/xintc_g.o microblaze_0/lib/xuartlite_g.o microblaze_0/lib/xtmrctr_l.o microblaze_0/lib/xintc_selftest
TRACE::2026-06-04.18:34:25::SCWMssOS::.o microblaze_0/lib/xintc_l.o microblaze_0/lib/outbyte.o microblaze_0/lib/xgpio_intr.o microblaze_0/lib/microblaze_invalidate_d
TRACE::2026-06-04.18:34:25::SCWMssOS::cache_range.o microblaze_0/lib/microblaze_invalidate_cache_ext.o microblaze_0/lib/microblaze_sleep.o microblaze_0/lib/hw_except
TRACE::2026-06-04.18:34:25::SCWMssOS::ion_handler.o microblaze_0/lib/xtmrctr.o microblaze_0/lib/xuartlite_selftest.o microblaze_0/lib/xgpio_sinit.o microblaze_0/lib/
TRACE::2026-06-04.18:34:25::SCWMssOS::microblaze_update_dcache.o microblaze_0/lib/xil_testcache.o microblaze_0/lib/microblaze_selftest.o microblaze_0/lib/microblaze_
TRACE::2026-06-04.18:34:25::SCWMssOS::interrupts_g.o microblaze_0/lib/microblaze_enable_exceptions.o microblaze_0/lib/xio.o microblaze_0/lib/xtmrctr_g.o microblaze_0
TRACE::2026-06-04.18:34:25::SCWMssOS::/lib/microblaze_enable_dcache.o microblaze_0/lib/xbram.o microblaze_0/lib/microblaze_invalidate_icache_range.o microblaze_0/lib
TRACE::2026-06-04.18:34:25::SCWMssOS::/xtmrctr_selftest.o microblaze_0/lib/microblaze_init_dcache_range.o microblaze_0/lib/microblaze_invalidate_icache.o microblaze_
TRACE::2026-06-04.18:34:25::SCWMssOS::0/lib/xspi_options.o microblaze_0/lib/errno.o microblaze_0/lib/xuartlite_l.o microblaze_0/lib/xintc_options.o microblaze_0/lib/
TRACE::2026-06-04.18:34:25::SCWMssOS::xuartlite_stats.o microblaze_0/lib/microblaze_invalidate_cache_ext_range.o microblaze_0/lib/xintc_intr.o microblaze_0/lib/xil_e
TRACE::2026-06-04.18:34:25::SCWMssOS::xception.o microblaze_0/lib/pvr.o microblaze_0/lib/xgpio.o microblaze_0/lib/xil_testmem.o microblaze_0/lib/microblaze_update_ic
TRACE::2026-06-04.18:34:25::SCWMssOS::ache.o microblaze_0/lib/xuartlite_intr.o microblaze_0/lib/microblaze_flush_dcache.o microblaze_0/lib/xil_clocking.o microblaze_
TRACE::2026-06-04.18:34:25::SCWMssOS::0/lib/xil_assert.o microblaze_0/lib/microblaze_enable_interrupts.o microblaze_0/lib/xgpio_extra.o microblaze_0/lib/xspi.o micro
TRACE::2026-06-04.18:34:25::SCWMssOS::blaze_0/lib/microblaze_enable_icache.o microblaze_0/lib/xintc.o microblaze_0/lib/xtmrctr_stats.o microblaze_0/lib/microblaze_in
TRACE::2026-06-04.18:34:25::SCWMssOS::it_icache_range.o microblaze_0/lib/xtmrctr_sinit.o microblaze_0/lib/fcntl.o microblaze_0/lib/xgpio_selftest.o

TRACE::2026-06-04.18:34:25::SCWMssOS::'Finished building libraries'

TRACE::2026-06-04.18:34:25::SCWMssOS::Copying to export directory.
TRACE::2026-06-04.18:34:25::SCWMssOS:: Checking if to create the Supporting Applications
TRACE::2026-06-04.18:34:25::SCWMssOS:: No Linux domain exists, trying to generate FSBL 
LOG::2026-06-04.18:34:25::SCWSystem::Completed Processing the domain standalone_domain
LOG::2026-06-04.18:34:25::SCWSystem::Completed Processing the sysconfig mb_basic_io
LOG::2026-06-04.18:34:25::SCWPlatform::Completed generating the artifacts for system configuration mb_basic_io
TRACE::2026-06-04.18:34:25::SCWPlatform::Started preparing the platform 
TRACE::2026-06-04.18:34:25::SCWSystem::Writing the bif file for system config mb_basic_io
TRACE::2026-06-04.18:34:25::SCWSystem::dir created 
TRACE::2026-06-04.18:34:25::SCWSystem::Writing the bif 
TRACE::2026-06-04.18:34:25::SCWPlatform::Started writing the spfm file 
TRACE::2026-06-04.18:34:25::SCWPlatform::Started writing the xpfm file 
TRACE::2026-06-04.18:34:25::SCWPlatform::Completed generating the platform
TRACE::2026-06-04.18:34:25::SCWMssOS::Saving the mss changes E:/XilinxProject/IO_exp/IO_exp2.sw/mb_basic_io/microblaze_0/standalone_domain/bsp/system.mss
TRACE::2026-06-04.18:34:25::SCWMssOS::Found a swdesign opened with the mssfile.
TRACE::2026-06-04.18:34:25::SCWMssOS::Completed writemss as part of save.
TRACE::2026-06-04.18:34:25::SCWMssOS::Commit changes completed.
TRACE::2026-06-04.18:34:25::SCWPlatform::Trying to open the hw design at E:/XilinxProject/IO_exp/IO_exp2.sw/mb_basic_io/hw/design_1_wrapper.xsa
TRACE::2026-06-04.18:34:25::SCWPlatform::DSA given E:/XilinxProject/IO_exp/IO_exp2.sw/mb_basic_io/hw/design_1_wrapper.xsa
TRACE::2026-06-04.18:34:25::SCWPlatform::DSA absoulate path E:/XilinxProject/IO_exp/IO_exp2.sw/mb_basic_io/hw/design_1_wrapper.xsa
TRACE::2026-06-04.18:34:25::SCWPlatform::DSA directory E:/XilinxProject/IO_exp/IO_exp2.sw/mb_basic_io/hw
TRACE::2026-06-04.18:34:25::SCWPlatform:: Platform Path E:/XilinxProject/IO_exp/IO_exp2.sw/mb_basic_io/hw/design_1_wrapper.xsa
TRACE::2026-06-04.18:34:25::SCWPlatform:: Unique name xilinx:nexys4_ddr::0.0
TRACE::2026-06-04.18:34:25::SCWPlatform::Trying to set the existing hwdb with name design_1_wrapper_1
TRACE::2026-06-04.18:34:25::SCWPlatform::Opened existing hwdb design_1_wrapper_1
TRACE::2026-06-04.18:34:25::SCWPlatform::Found the Hw Db part of the input DSA
TRACE::2026-06-04.18:34:25::SCWMssOS::Checking the sw design at  E:/XilinxProject/IO_exp/IO_exp2.sw/mb_basic_io/microblaze_0/standalone_domain/bsp/system.mss
TRACE::2026-06-04.18:34:25::SCWMssOS::DEBUG:  swdes dump  E:/XilinxProject/IO_exp/IO_exp2.sw/mb_basic_io/microblaze_0/standalone_domain/bsp/system.mss|system||

TRACE::2026-06-04.18:34:25::SCWMssOS::Sw design exists and opened at  E:/XilinxProject/IO_exp/IO_exp2.sw/mb_basic_io/microblaze_0/standalone_domain/bsp/system.mss
TRACE::2026-06-04.18:34:25::SCWWriter::formatted JSON is {
	"platformName":	"mb_basic_io",
	"sprVersion":	"2.0",
	"mode":	"gui",
	"dsaType":	"Fixed",
	"platformDesc":	"mb_basic_io",
	"platHandOff":	"E:/XilinxProject/IO_exp/design_1_wrapper.xsa",
	"platIntHandOff":	"<platformDir>/hw/design_1_wrapper.xsa",
	"deviceType":	"FPGA",
	"platIsPrebuiltAutogen":	"false",
	"platIsNoBootBsp":	"false",
	"hasFsblMakeHasChanges":	"false",
	"hasPmufwMakeHasChanges":	"false",
	"platPreBuiltFlag":	false,
	"platformSamplesDir":	"",
	"platActiveSys":	"mb_basic_io",
	"systems":	[{
			"systemName":	"mb_basic_io",
			"systemDesc":	"mb_basic_io",
			"sysIsBootAutoGen":	"true",
			"systemDispName":	"mb_basic_io",
			"sysActiveDom":	"standalone_domain",
			"sysDefaultDom":	"standalone_domain",
			"domains":	[{
					"domainName":	"standalone_domain",
					"domainDispName":	"standalone on microblaze_0",
					"domainDesc":	"standalone_domain",
					"processors":	"microblaze_0",
					"os":	"standalone",
					"sdxOs":	"standalone",
					"debugEnable":	"False",
					"domRuntimes":	["cpp"],
					"swRepo":	"",
					"mssOsVer":	"7.6",
					"mssFile":	"",
					"md5Digest":	"f3846bf43104bdbfe064a20c4a3cdccd",
					"compatibleApp":	"",
					"domType":	"mssDomain",
					"arch":	"32-bit",
					"appSettings":	{
						"appCompilerFlags":	"",
						"appLinkerFlags":	""
					},
					"addedLibs":	[],
					"libOptions":	{
						"libsContainingOptions":	[]
					},
					"prebuiltLibs":	{
						"prebuiltIncPath":	[],
						"prebuiltLibPath":	[]
					},
					"isolation":	{
					}
				}]
		}]
}
KEYINFO::2026-06-04.18:34:25::SCWPlatform::updated the xpfm file.
TRACE::2026-06-04.18:34:25::SCWPlatform::Trying to open the hw design at E:/XilinxProject/IO_exp/IO_exp2.sw/mb_basic_io/hw/design_1_wrapper.xsa
TRACE::2026-06-04.18:34:25::SCWPlatform::DSA given E:/XilinxProject/IO_exp/IO_exp2.sw/mb_basic_io/hw/design_1_wrapper.xsa
TRACE::2026-06-04.18:34:25::SCWPlatform::DSA absoulate path E:/XilinxProject/IO_exp/IO_exp2.sw/mb_basic_io/hw/design_1_wrapper.xsa
TRACE::2026-06-04.18:34:25::SCWPlatform::DSA directory E:/XilinxProject/IO_exp/IO_exp2.sw/mb_basic_io/hw
TRACE::2026-06-04.18:34:25::SCWPlatform:: Platform Path E:/XilinxProject/IO_exp/IO_exp2.sw/mb_basic_io/hw/design_1_wrapper.xsa
TRACE::2026-06-04.18:34:25::SCWPlatform:: Unique name xilinx:nexys4_ddr::0.0
TRACE::2026-06-04.18:34:25::SCWPlatform::Trying to set the existing hwdb with name design_1_wrapper_1
TRACE::2026-06-04.18:34:25::SCWPlatform::Opened existing hwdb design_1_wrapper_1
TRACE::2026-06-04.18:34:25::SCWPlatform::Found the Hw Db part of the input DSA
TRACE::2026-06-04.18:34:25::SCWMssOS::Checking the sw design at  E:/XilinxProject/IO_exp/IO_exp2.sw/mb_basic_io/microblaze_0/standalone_domain/bsp/system.mss
TRACE::2026-06-04.18:34:25::SCWMssOS::DEBUG:  swdes dump  E:/XilinxProject/IO_exp/IO_exp2.sw/mb_basic_io/microblaze_0/standalone_domain/bsp/system.mss|system||

TRACE::2026-06-04.18:34:25::SCWMssOS::Sw design exists and opened at  E:/XilinxProject/IO_exp/IO_exp2.sw/mb_basic_io/microblaze_0/standalone_domain/bsp/system.mss
TRACE::2026-06-04.20:03:53::SCWPlatform::Trying to open the hw design at E:/XilinxProject/IO_exp/IO_exp2.sw/mb_basic_io/hw/design_1_wrapper.xsa
TRACE::2026-06-04.20:03:53::SCWPlatform::DSA given E:/XilinxProject/IO_exp/IO_exp2.sw/mb_basic_io/hw/design_1_wrapper.xsa
TRACE::2026-06-04.20:03:53::SCWPlatform::DSA absoulate path E:/XilinxProject/IO_exp/IO_exp2.sw/mb_basic_io/hw/design_1_wrapper.xsa
TRACE::2026-06-04.20:03:53::SCWPlatform::DSA directory E:/XilinxProject/IO_exp/IO_exp2.sw/mb_basic_io/hw
TRACE::2026-06-04.20:03:53::SCWPlatform:: Platform Path E:/XilinxProject/IO_exp/IO_exp2.sw/mb_basic_io/hw/design_1_wrapper.xsa
TRACE::2026-06-04.20:03:53::SCWPlatform:: Unique name xilinx:nexys4_ddr::0.0
TRACE::2026-06-04.20:03:53::SCWPlatform::Do not have an existing db opened. 
TRACE::2026-06-04.20:04:00::SCWPlatform::Opened new HwDB with name design_1_wrapper_0
TRACE::2026-06-04.20:04:00::SCWReader::Active system found as  mb_basic_io
TRACE::2026-06-04.20:04:00::SCWReader::Handling sysconfig mb_basic_io
TRACE::2026-06-04.20:04:00::SCWDomain::checking for install qemu data   : 
TRACE::2026-06-04.20:04:00::SCWPlatform::Trying to open the hw design at E:/XilinxProject/IO_exp/IO_exp2.sw/mb_basic_io/hw/design_1_wrapper.xsa
TRACE::2026-06-04.20:04:00::SCWPlatform::DSA given E:/XilinxProject/IO_exp/IO_exp2.sw/mb_basic_io/hw/design_1_wrapper.xsa
TRACE::2026-06-04.20:04:00::SCWPlatform::DSA absoulate path E:/XilinxProject/IO_exp/IO_exp2.sw/mb_basic_io/hw/design_1_wrapper.xsa
TRACE::2026-06-04.20:04:00::SCWPlatform::DSA directory E:/XilinxProject/IO_exp/IO_exp2.sw/mb_basic_io/hw
TRACE::2026-06-04.20:04:00::SCWPlatform:: Platform Path E:/XilinxProject/IO_exp/IO_exp2.sw/mb_basic_io/hw/design_1_wrapper.xsa
TRACE::2026-06-04.20:04:00::SCWPlatform:: Unique name xilinx:nexys4_ddr::0.0
TRACE::2026-06-04.20:04:00::SCWPlatform::Trying to set the existing hwdb with name design_1_wrapper_0
TRACE::2026-06-04.20:04:00::SCWPlatform::Opened existing hwdb design_1_wrapper_0
TRACE::2026-06-04.20:04:00::SCWPlatform::Found the Hw Db part of the input DSA
TRACE::2026-06-04.20:04:00::SCWPlatform::Trying to open the hw design at E:/XilinxProject/IO_exp/IO_exp2.sw/mb_basic_io/hw/design_1_wrapper.xsa
TRACE::2026-06-04.20:04:00::SCWPlatform::DSA given E:/XilinxProject/IO_exp/IO_exp2.sw/mb_basic_io/hw/design_1_wrapper.xsa
TRACE::2026-06-04.20:04:00::SCWPlatform::DSA absoulate path E:/XilinxProject/IO_exp/IO_exp2.sw/mb_basic_io/hw/design_1_wrapper.xsa
TRACE::2026-06-04.20:04:00::SCWPlatform::DSA directory E:/XilinxProject/IO_exp/IO_exp2.sw/mb_basic_io/hw
TRACE::2026-06-04.20:04:00::SCWPlatform:: Platform Path E:/XilinxProject/IO_exp/IO_exp2.sw/mb_basic_io/hw/design_1_wrapper.xsa
TRACE::2026-06-04.20:04:00::SCWPlatform:: Unique name xilinx:nexys4_ddr::0.0
TRACE::2026-06-04.20:04:00::SCWPlatform::Trying to set the existing hwdb with name design_1_wrapper_0
TRACE::2026-06-04.20:04:00::SCWPlatform::Opened existing hwdb design_1_wrapper_0
TRACE::2026-06-04.20:04:00::SCWPlatform::Found the Hw Db part of the input DSA
TRACE::2026-06-04.20:04:00::SCWPlatform::Trying to open the hw design at E:/XilinxProject/IO_exp/IO_exp2.sw/mb_basic_io/hw/design_1_wrapper.xsa
TRACE::2026-06-04.20:04:00::SCWPlatform::DSA given E:/XilinxProject/IO_exp/IO_exp2.sw/mb_basic_io/hw/design_1_wrapper.xsa
TRACE::2026-06-04.20:04:00::SCWPlatform::DSA absoulate path E:/XilinxProject/IO_exp/IO_exp2.sw/mb_basic_io/hw/design_1_wrapper.xsa
TRACE::2026-06-04.20:04:00::SCWPlatform::DSA directory E:/XilinxProject/IO_exp/IO_exp2.sw/mb_basic_io/hw
TRACE::2026-06-04.20:04:00::SCWPlatform:: Platform Path E:/XilinxProject/IO_exp/IO_exp2.sw/mb_basic_io/hw/design_1_wrapper.xsa
TRACE::2026-06-04.20:04:00::SCWPlatform:: Unique name xilinx:nexys4_ddr::0.0
TRACE::2026-06-04.20:04:00::SCWPlatform::Trying to set the existing hwdb with name design_1_wrapper_0
TRACE::2026-06-04.20:04:00::SCWPlatform::Opened existing hwdb design_1_wrapper_0
TRACE::2026-06-04.20:04:00::SCWPlatform::Found the Hw Db part of the input DSA
TRACE::2026-06-04.20:04:00::SCWPlatform::Trying to open the hw design at E:/XilinxProject/IO_exp/IO_exp2.sw/mb_basic_io/hw/design_1_wrapper.xsa
TRACE::2026-06-04.20:04:00::SCWPlatform::DSA given E:/XilinxProject/IO_exp/IO_exp2.sw/mb_basic_io/hw/design_1_wrapper.xsa
TRACE::2026-06-04.20:04:00::SCWPlatform::DSA absoulate path E:/XilinxProject/IO_exp/IO_exp2.sw/mb_basic_io/hw/design_1_wrapper.xsa
TRACE::2026-06-04.20:04:00::SCWPlatform::DSA directory E:/XilinxProject/IO_exp/IO_exp2.sw/mb_basic_io/hw
TRACE::2026-06-04.20:04:00::SCWPlatform:: Platform Path E:/XilinxProject/IO_exp/IO_exp2.sw/mb_basic_io/hw/design_1_wrapper.xsa
TRACE::2026-06-04.20:04:00::SCWPlatform:: Unique name xilinx:nexys4_ddr::0.0
TRACE::2026-06-04.20:04:00::SCWPlatform::Trying to set the existing hwdb with name design_1_wrapper_0
TRACE::2026-06-04.20:04:00::SCWPlatform::Opened existing hwdb design_1_wrapper_0
TRACE::2026-06-04.20:04:00::SCWPlatform::Found the Hw Db part of the input DSA
TRACE::2026-06-04.20:04:00::SCWMssOS::Checking the sw design at  E:/XilinxProject/IO_exp/IO_exp2.sw/mb_basic_io/microblaze_0/standalone_domain/bsp/system.mss
TRACE::2026-06-04.20:04:00::SCWMssOS::DEBUG:  swdes dump  
TRACE::2026-06-04.20:04:00::SCWMssOS::No sw design opened at  E:/XilinxProject/IO_exp/IO_exp2.sw/mb_basic_io/microblaze_0/standalone_domain/bsp/system.mss
TRACE::2026-06-04.20:04:00::SCWMssOS::mss exists loading the mss file  E:/XilinxProject/IO_exp/IO_exp2.sw/mb_basic_io/microblaze_0/standalone_domain/bsp/system.mss
TRACE::2026-06-04.20:04:00::SCWMssOS::Opened the sw design from mss  E:/XilinxProject/IO_exp/IO_exp2.sw/mb_basic_io/microblaze_0/standalone_domain/bsp/system.mss
TRACE::2026-06-04.20:04:00::SCWMssOS::Adding the swdes entry E:/XilinxProject/IO_exp/IO_exp2.sw/mb_basic_io/microblaze_0/standalone_domain/bsp/system.mss with des name system
TRACE::2026-06-04.20:04:00::SCWMssOS::updating the scw layer about changes
TRACE::2026-06-04.20:04:00::SCWMssOS::Opened the sw design.  E:/XilinxProject/IO_exp/IO_exp2.sw/mb_basic_io/microblaze_0/standalone_domain/bsp/system.mss
TRACE::2026-06-04.20:04:00::SCWMssOS::Saving the mss changes E:/XilinxProject/IO_exp/IO_exp2.sw/mb_basic_io/microblaze_0/standalone_domain/bsp/system.mss
TRACE::2026-06-04.20:04:00::SCWMssOS::Found a swdesign opened with the mssfile.
TRACE::2026-06-04.20:04:00::SCWMssOS::Completed writemss as part of save.
TRACE::2026-06-04.20:04:00::SCWMssOS::Commit changes completed.
TRACE::2026-06-04.20:04:00::SCWReader::Adding prebuilt librarypaths as   
TRACE::2026-06-04.20:04:00::SCWReader::Adding prebuilt incpaths  as   
TRACE::2026-06-04.20:04:00::SCWPlatform::Trying to open the hw design at E:/XilinxProject/IO_exp/IO_exp2.sw/mb_basic_io/hw/design_1_wrapper.xsa
TRACE::2026-06-04.20:04:00::SCWPlatform::DSA given E:/XilinxProject/IO_exp/IO_exp2.sw/mb_basic_io/hw/design_1_wrapper.xsa
TRACE::2026-06-04.20:04:00::SCWPlatform::DSA absoulate path E:/XilinxProject/IO_exp/IO_exp2.sw/mb_basic_io/hw/design_1_wrapper.xsa
TRACE::2026-06-04.20:04:00::SCWPlatform::DSA directory E:/XilinxProject/IO_exp/IO_exp2.sw/mb_basic_io/hw
TRACE::2026-06-04.20:04:00::SCWPlatform:: Platform Path E:/XilinxProject/IO_exp/IO_exp2.sw/mb_basic_io/hw/design_1_wrapper.xsa
TRACE::2026-06-04.20:04:00::SCWPlatform:: Unique name xilinx:nexys4_ddr::0.0
TRACE::2026-06-04.20:04:00::SCWPlatform::Trying to set the existing hwdb with name design_1_wrapper_0
TRACE::2026-06-04.20:04:00::SCWPlatform::Opened existing hwdb design_1_wrapper_0
TRACE::2026-06-04.20:04:00::SCWPlatform::Found the Hw Db part of the input DSA
TRACE::2026-06-04.20:04:00::SCWMssOS::Checking the sw design at  E:/XilinxProject/IO_exp/IO_exp2.sw/mb_basic_io/microblaze_0/standalone_domain/bsp/system.mss
TRACE::2026-06-04.20:04:00::SCWMssOS::DEBUG:  swdes dump  E:/XilinxProject/IO_exp/IO_exp2.sw/mb_basic_io/microblaze_0/standalone_domain/bsp/system.mss|system||

TRACE::2026-06-04.20:04:00::SCWMssOS::Sw design exists and opened at  E:/XilinxProject/IO_exp/IO_exp2.sw/mb_basic_io/microblaze_0/standalone_domain/bsp/system.mss
TRACE::2026-06-04.20:04:00::SCWReader::No isolation master present  
LOG::2026-06-04.20:07:12::SCWPlatform::Started generating the artifacts platform mb_basic_io
TRACE::2026-06-04.20:07:12::SCWPlatform::Sanity checking of platform is completed
LOG::2026-06-04.20:07:12::SCWPlatform::Started generating the artifacts for system configuration mb_basic_io
LOG::2026-06-04.20:07:12::SCWSystem::Checking the domain standalone_domain
LOG::2026-06-04.20:07:12::SCWSystem::Not a boot domain 
LOG::2026-06-04.20:07:12::SCWSystem::Started Processing the domain standalone_domain
TRACE::2026-06-04.20:07:12::SCWDomain::Generating domain artifcats
TRACE::2026-06-04.20:07:12::SCWMssOS::Generating standalone artifcats
TRACE::2026-06-04.20:07:12::SCWMssOS:: Copying the user libraries. 
TRACE::2026-06-04.20:07:12::SCWPlatform::Trying to open the hw design at E:/XilinxProject/IO_exp/IO_exp2.sw/mb_basic_io/hw/design_1_wrapper.xsa
TRACE::2026-06-04.20:07:12::SCWPlatform::DSA given E:/XilinxProject/IO_exp/IO_exp2.sw/mb_basic_io/hw/design_1_wrapper.xsa
TRACE::2026-06-04.20:07:12::SCWPlatform::DSA absoulate path E:/XilinxProject/IO_exp/IO_exp2.sw/mb_basic_io/hw/design_1_wrapper.xsa
TRACE::2026-06-04.20:07:12::SCWPlatform::DSA directory E:/XilinxProject/IO_exp/IO_exp2.sw/mb_basic_io/hw
TRACE::2026-06-04.20:07:12::SCWPlatform:: Platform Path E:/XilinxProject/IO_exp/IO_exp2.sw/mb_basic_io/hw/design_1_wrapper.xsa
TRACE::2026-06-04.20:07:12::SCWPlatform:: Unique name xilinx:nexys4_ddr::0.0
TRACE::2026-06-04.20:07:12::SCWPlatform::Trying to set the existing hwdb with name design_1_wrapper_0
TRACE::2026-06-04.20:07:12::SCWPlatform::Opened existing hwdb design_1_wrapper_0
TRACE::2026-06-04.20:07:12::SCWPlatform::Found the Hw Db part of the input DSA
TRACE::2026-06-04.20:07:12::SCWMssOS::Checking the sw design at  E:/XilinxProject/IO_exp/IO_exp2.sw/mb_basic_io/microblaze_0/standalone_domain/bsp/system.mss
TRACE::2026-06-04.20:07:12::SCWMssOS::DEBUG:  swdes dump  E:/XilinxProject/IO_exp/IO_exp2.sw/mb_basic_io/microblaze_0/standalone_domain/bsp/system.mss|system||

TRACE::2026-06-04.20:07:12::SCWMssOS::Sw design exists and opened at  E:/XilinxProject/IO_exp/IO_exp2.sw/mb_basic_io/microblaze_0/standalone_domain/bsp/system.mss
TRACE::2026-06-04.20:07:12::SCWMssOS::Completed writing the mss file at E:/XilinxProject/IO_exp/IO_exp2.sw/mb_basic_io/microblaze_0/standalone_domain/bsp
TRACE::2026-06-04.20:07:12::SCWMssOS::Mss edits present, copying mssfile into export location E:/XilinxProject/IO_exp/IO_exp2.sw/mb_basic_io/microblaze_0/standalone_domain/bsp/system.mss
TRACE::2026-06-04.20:07:12::SCWMssOS::bsp generated is upto date with the mss file. Skipping bsp generation.
TRACE::2026-06-04.20:07:12::SCWMssOS::BSP is already built. skipping the bsp build ... 
TRACE::2026-06-04.20:07:12::SCWDomain::Skipping the build for domain :  standalone_domain
TRACE::2026-06-04.20:07:12::SCWMssOS::skipping the bsp build ... 
TRACE::2026-06-04.20:07:12::SCWMssOS::Copying to export directory.
TRACE::2026-06-04.20:07:12::SCWMssOS:: Checking if to create the Supporting Applications
TRACE::2026-06-04.20:07:12::SCWMssOS:: No Linux domain exists, trying to generate FSBL 
LOG::2026-06-04.20:07:12::SCWSystem::Completed Processing the domain standalone_domain
LOG::2026-06-04.20:07:12::SCWSystem::Completed Processing the sysconfig mb_basic_io
LOG::2026-06-04.20:07:12::SCWPlatform::Completed generating the artifacts for system configuration mb_basic_io
TRACE::2026-06-04.20:07:12::SCWPlatform::Started preparing the platform 
TRACE::2026-06-04.20:07:12::SCWSystem::Writing the bif file for system config mb_basic_io
TRACE::2026-06-04.20:07:12::SCWSystem::dir created 
TRACE::2026-06-04.20:07:12::SCWSystem::Writing the bif 
TRACE::2026-06-04.20:07:12::SCWPlatform::Started writing the spfm file 
TRACE::2026-06-04.20:07:12::SCWPlatform::Started writing the xpfm file 
TRACE::2026-06-04.20:07:12::SCWPlatform::Completed generating the platform
TRACE::2026-06-04.20:07:12::SCWMssOS::Saving the mss changes E:/XilinxProject/IO_exp/IO_exp2.sw/mb_basic_io/microblaze_0/standalone_domain/bsp/system.mss
TRACE::2026-06-04.20:07:12::SCWMssOS::Found a swdesign opened with the mssfile.
TRACE::2026-06-04.20:07:12::SCWMssOS::Completed writemss as part of save.
TRACE::2026-06-04.20:07:12::SCWMssOS::Commit changes completed.
TRACE::2026-06-04.20:07:12::SCWPlatform::Trying to open the hw design at E:/XilinxProject/IO_exp/IO_exp2.sw/mb_basic_io/hw/design_1_wrapper.xsa
TRACE::2026-06-04.20:07:12::SCWPlatform::DSA given E:/XilinxProject/IO_exp/IO_exp2.sw/mb_basic_io/hw/design_1_wrapper.xsa
TRACE::2026-06-04.20:07:12::SCWPlatform::DSA absoulate path E:/XilinxProject/IO_exp/IO_exp2.sw/mb_basic_io/hw/design_1_wrapper.xsa
TRACE::2026-06-04.20:07:12::SCWPlatform::DSA directory E:/XilinxProject/IO_exp/IO_exp2.sw/mb_basic_io/hw
TRACE::2026-06-04.20:07:12::SCWPlatform:: Platform Path E:/XilinxProject/IO_exp/IO_exp2.sw/mb_basic_io/hw/design_1_wrapper.xsa
TRACE::2026-06-04.20:07:12::SCWPlatform:: Unique name xilinx:nexys4_ddr::0.0
TRACE::2026-06-04.20:07:12::SCWPlatform::Trying to set the existing hwdb with name design_1_wrapper_0
TRACE::2026-06-04.20:07:12::SCWPlatform::Opened existing hwdb design_1_wrapper_0
TRACE::2026-06-04.20:07:12::SCWPlatform::Found the Hw Db part of the input DSA
TRACE::2026-06-04.20:07:12::SCWMssOS::Checking the sw design at  E:/XilinxProject/IO_exp/IO_exp2.sw/mb_basic_io/microblaze_0/standalone_domain/bsp/system.mss
TRACE::2026-06-04.20:07:12::SCWMssOS::DEBUG:  swdes dump  E:/XilinxProject/IO_exp/IO_exp2.sw/mb_basic_io/microblaze_0/standalone_domain/bsp/system.mss|system||

TRACE::2026-06-04.20:07:12::SCWMssOS::Sw design exists and opened at  E:/XilinxProject/IO_exp/IO_exp2.sw/mb_basic_io/microblaze_0/standalone_domain/bsp/system.mss
TRACE::2026-06-04.20:07:12::SCWWriter::formatted JSON is {
	"platformName":	"mb_basic_io",
	"sprVersion":	"2.0",
	"mode":	"gui",
	"dsaType":	"Fixed",
	"platformDesc":	"mb_basic_io",
	"platHandOff":	"E:/XilinxProject/IO_exp/design_1_wrapper.xsa",
	"platIntHandOff":	"<platformDir>/hw/design_1_wrapper.xsa",
	"deviceType":	"FPGA",
	"platIsPrebuiltAutogen":	"false",
	"platIsNoBootBsp":	"false",
	"hasFsblMakeHasChanges":	"false",
	"hasPmufwMakeHasChanges":	"false",
	"platPreBuiltFlag":	false,
	"platformSamplesDir":	"",
	"platActiveSys":	"mb_basic_io",
	"systems":	[{
			"systemName":	"mb_basic_io",
			"systemDesc":	"mb_basic_io",
			"sysIsBootAutoGen":	"true",
			"systemDispName":	"mb_basic_io",
			"sysActiveDom":	"standalone_domain",
			"sysDefaultDom":	"standalone_domain",
			"domains":	[{
					"domainName":	"standalone_domain",
					"domainDispName":	"standalone on microblaze_0",
					"domainDesc":	"standalone_domain",
					"processors":	"microblaze_0",
					"os":	"standalone",
					"sdxOs":	"standalone",
					"debugEnable":	"False",
					"domRuntimes":	["cpp"],
					"swRepo":	"",
					"mssOsVer":	"7.6",
					"mssFile":	"",
					"md5Digest":	"f3846bf43104bdbfe064a20c4a3cdccd",
					"compatibleApp":	"",
					"domType":	"mssDomain",
					"arch":	"32-bit",
					"appSettings":	{
						"appCompilerFlags":	"",
						"appLinkerFlags":	""
					},
					"addedLibs":	[],
					"libOptions":	{
						"libsContainingOptions":	[]
					},
					"prebuiltLibs":	{
						"prebuiltIncPath":	[],
						"prebuiltLibPath":	[]
					},
					"isolation":	{
					}
				}]
		}]
}
KEYINFO::2026-06-04.20:07:12::SCWPlatform::updated the xpfm file.
TRACE::2026-06-04.20:07:12::SCWPlatform::Trying to open the hw design at E:/XilinxProject/IO_exp/IO_exp2.sw/mb_basic_io/hw/design_1_wrapper.xsa
TRACE::2026-06-04.20:07:12::SCWPlatform::DSA given E:/XilinxProject/IO_exp/IO_exp2.sw/mb_basic_io/hw/design_1_wrapper.xsa
TRACE::2026-06-04.20:07:12::SCWPlatform::DSA absoulate path E:/XilinxProject/IO_exp/IO_exp2.sw/mb_basic_io/hw/design_1_wrapper.xsa
TRACE::2026-06-04.20:07:12::SCWPlatform::DSA directory E:/XilinxProject/IO_exp/IO_exp2.sw/mb_basic_io/hw
TRACE::2026-06-04.20:07:12::SCWPlatform:: Platform Path E:/XilinxProject/IO_exp/IO_exp2.sw/mb_basic_io/hw/design_1_wrapper.xsa
TRACE::2026-06-04.20:07:12::SCWPlatform:: Unique name xilinx:nexys4_ddr::0.0
TRACE::2026-06-04.20:07:12::SCWPlatform::Trying to set the existing hwdb with name design_1_wrapper_0
TRACE::2026-06-04.20:07:12::SCWPlatform::Opened existing hwdb design_1_wrapper_0
TRACE::2026-06-04.20:07:12::SCWPlatform::Found the Hw Db part of the input DSA
TRACE::2026-06-04.20:07:12::SCWMssOS::Checking the sw design at  E:/XilinxProject/IO_exp/IO_exp2.sw/mb_basic_io/microblaze_0/standalone_domain/bsp/system.mss
TRACE::2026-06-04.20:07:12::SCWMssOS::DEBUG:  swdes dump  E:/XilinxProject/IO_exp/IO_exp2.sw/mb_basic_io/microblaze_0/standalone_domain/bsp/system.mss|system||

TRACE::2026-06-04.20:07:12::SCWMssOS::Sw design exists and opened at  E:/XilinxProject/IO_exp/IO_exp2.sw/mb_basic_io/microblaze_0/standalone_domain/bsp/system.mss
TRACE::2026-06-04.20:07:45::SCWPlatform::Clearing the existing platform
TRACE::2026-06-04.20:07:45::SCWSystem::Clearing the existing sysconfig
TRACE::2026-06-04.20:07:45::SCWMssOS::Removing the swdes entry for  E:/XilinxProject/IO_exp/IO_exp2.sw/mb_basic_io/microblaze_0/standalone_domain/bsp/system.mss
TRACE::2026-06-04.20:07:45::SCWSystem::Clearing the domains completed.
TRACE::2026-06-04.20:07:45::SCWPlatform::Clearing the opened hw db.
TRACE::2026-06-04.20:07:45::SCWPlatform::DSA given E:/XilinxProject/IO_exp/IO_exp2.sw/mb_basic_io/hw/design_1_wrapper.xsa
TRACE::2026-06-04.20:07:45::SCWPlatform::DSA absoulate path E:/XilinxProject/IO_exp/IO_exp2.sw/mb_basic_io/hw/design_1_wrapper.xsa
TRACE::2026-06-04.20:07:45::SCWPlatform:: Platform location is E:/XilinxProject/IO_exp/IO_exp2.sw/mb_basic_io/hw
TRACE::2026-06-04.20:07:45::SCWPlatform:: Platform Path E:/XilinxProject/IO_exp/IO_exp2.sw/mb_basic_io/hw/design_1_wrapper.xsa
TRACE::2026-06-04.20:07:45::SCWPlatform:: Unique name xilinx:nexys4_ddr::0.0
TRACE::2026-06-04.20:07:45::SCWPlatform::Removing the HwDB with name E:/XilinxProject/IO_exp/IO_exp2.sw/mb_basic_io/hw/design_1_wrapper.xsa
TRACE::2026-06-04.20:07:45::SCWPlatform::Trying to open the hw design at E:/XilinxProject/IO_exp/IO_exp2.sw/mb_basic_io/hw/design_1_wrapper.xsa
TRACE::2026-06-04.20:07:45::SCWPlatform::DSA given E:/XilinxProject/IO_exp/IO_exp2.sw/mb_basic_io/hw/design_1_wrapper.xsa
TRACE::2026-06-04.20:07:45::SCWPlatform::DSA absoulate path E:/XilinxProject/IO_exp/IO_exp2.sw/mb_basic_io/hw/design_1_wrapper.xsa
TRACE::2026-06-04.20:07:45::SCWPlatform::DSA directory E:/XilinxProject/IO_exp/IO_exp2.sw/mb_basic_io/hw
TRACE::2026-06-04.20:07:45::SCWPlatform:: Platform Path E:/XilinxProject/IO_exp/IO_exp2.sw/mb_basic_io/hw/design_1_wrapper.xsa
TRACE::2026-06-04.20:07:45::SCWPlatform:: Unique name xilinx:nexys4_ddr::0.0
TRACE::2026-06-04.20:07:45::SCWPlatform::Do not have an existing db opened. 
TRACE::2026-06-04.20:07:50::SCWPlatform::Opened new HwDB with name design_1_wrapper_1
TRACE::2026-06-04.20:07:50::SCWReader::Active system found as  mb_basic_io
TRACE::2026-06-04.20:07:50::SCWReader::Handling sysconfig mb_basic_io
TRACE::2026-06-04.20:07:50::SCWDomain::checking for install qemu data   : 
TRACE::2026-06-04.20:07:50::SCWPlatform::Trying to open the hw design at E:/XilinxProject/IO_exp/IO_exp2.sw/mb_basic_io/hw/design_1_wrapper.xsa
TRACE::2026-06-04.20:07:50::SCWPlatform::DSA given E:/XilinxProject/IO_exp/IO_exp2.sw/mb_basic_io/hw/design_1_wrapper.xsa
TRACE::2026-06-04.20:07:50::SCWPlatform::DSA absoulate path E:/XilinxProject/IO_exp/IO_exp2.sw/mb_basic_io/hw/design_1_wrapper.xsa
TRACE::2026-06-04.20:07:50::SCWPlatform::DSA directory E:/XilinxProject/IO_exp/IO_exp2.sw/mb_basic_io/hw
TRACE::2026-06-04.20:07:50::SCWPlatform:: Platform Path E:/XilinxProject/IO_exp/IO_exp2.sw/mb_basic_io/hw/design_1_wrapper.xsa
TRACE::2026-06-04.20:07:50::SCWPlatform:: Unique name xilinx:nexys4_ddr::0.0
TRACE::2026-06-04.20:07:50::SCWPlatform::Trying to set the existing hwdb with name design_1_wrapper_1
TRACE::2026-06-04.20:07:50::SCWPlatform::Opened existing hwdb design_1_wrapper_1
TRACE::2026-06-04.20:07:50::SCWPlatform::Found the Hw Db part of the input DSA
TRACE::2026-06-04.20:07:50::SCWPlatform::Trying to open the hw design at E:/XilinxProject/IO_exp/IO_exp2.sw/mb_basic_io/hw/design_1_wrapper.xsa
TRACE::2026-06-04.20:07:50::SCWPlatform::DSA given E:/XilinxProject/IO_exp/IO_exp2.sw/mb_basic_io/hw/design_1_wrapper.xsa
TRACE::2026-06-04.20:07:50::SCWPlatform::DSA absoulate path E:/XilinxProject/IO_exp/IO_exp2.sw/mb_basic_io/hw/design_1_wrapper.xsa
TRACE::2026-06-04.20:07:50::SCWPlatform::DSA directory E:/XilinxProject/IO_exp/IO_exp2.sw/mb_basic_io/hw
TRACE::2026-06-04.20:07:50::SCWPlatform:: Platform Path E:/XilinxProject/IO_exp/IO_exp2.sw/mb_basic_io/hw/design_1_wrapper.xsa
TRACE::2026-06-04.20:07:50::SCWPlatform:: Unique name xilinx:nexys4_ddr::0.0
TRACE::2026-06-04.20:07:50::SCWPlatform::Trying to set the existing hwdb with name design_1_wrapper_1
TRACE::2026-06-04.20:07:50::SCWPlatform::Opened existing hwdb design_1_wrapper_1
TRACE::2026-06-04.20:07:50::SCWPlatform::Found the Hw Db part of the input DSA
TRACE::2026-06-04.20:07:50::SCWPlatform::Trying to open the hw design at E:/XilinxProject/IO_exp/IO_exp2.sw/mb_basic_io/hw/design_1_wrapper.xsa
TRACE::2026-06-04.20:07:50::SCWPlatform::DSA given E:/XilinxProject/IO_exp/IO_exp2.sw/mb_basic_io/hw/design_1_wrapper.xsa
TRACE::2026-06-04.20:07:50::SCWPlatform::DSA absoulate path E:/XilinxProject/IO_exp/IO_exp2.sw/mb_basic_io/hw/design_1_wrapper.xsa
TRACE::2026-06-04.20:07:50::SCWPlatform::DSA directory E:/XilinxProject/IO_exp/IO_exp2.sw/mb_basic_io/hw
TRACE::2026-06-04.20:07:50::SCWPlatform:: Platform Path E:/XilinxProject/IO_exp/IO_exp2.sw/mb_basic_io/hw/design_1_wrapper.xsa
TRACE::2026-06-04.20:07:50::SCWPlatform:: Unique name xilinx:nexys4_ddr::0.0
TRACE::2026-06-04.20:07:50::SCWPlatform::Trying to set the existing hwdb with name design_1_wrapper_1
TRACE::2026-06-04.20:07:50::SCWPlatform::Opened existing hwdb design_1_wrapper_1
TRACE::2026-06-04.20:07:50::SCWPlatform::Found the Hw Db part of the input DSA
TRACE::2026-06-04.20:07:50::SCWPlatform::Trying to open the hw design at E:/XilinxProject/IO_exp/IO_exp2.sw/mb_basic_io/hw/design_1_wrapper.xsa
TRACE::2026-06-04.20:07:50::SCWPlatform::DSA given E:/XilinxProject/IO_exp/IO_exp2.sw/mb_basic_io/hw/design_1_wrapper.xsa
TRACE::2026-06-04.20:07:50::SCWPlatform::DSA absoulate path E:/XilinxProject/IO_exp/IO_exp2.sw/mb_basic_io/hw/design_1_wrapper.xsa
TRACE::2026-06-04.20:07:50::SCWPlatform::DSA directory E:/XilinxProject/IO_exp/IO_exp2.sw/mb_basic_io/hw
TRACE::2026-06-04.20:07:50::SCWPlatform:: Platform Path E:/XilinxProject/IO_exp/IO_exp2.sw/mb_basic_io/hw/design_1_wrapper.xsa
TRACE::2026-06-04.20:07:50::SCWPlatform:: Unique name xilinx:nexys4_ddr::0.0
TRACE::2026-06-04.20:07:50::SCWPlatform::Trying to set the existing hwdb with name design_1_wrapper_1
TRACE::2026-06-04.20:07:50::SCWPlatform::Opened existing hwdb design_1_wrapper_1
TRACE::2026-06-04.20:07:50::SCWPlatform::Found the Hw Db part of the input DSA
TRACE::2026-06-04.20:07:50::SCWMssOS::Checking the sw design at  E:/XilinxProject/IO_exp/IO_exp2.sw/mb_basic_io/microblaze_0/standalone_domain/bsp/system.mss
TRACE::2026-06-04.20:07:50::SCWMssOS::DEBUG:  swdes dump  
TRACE::2026-06-04.20:07:50::SCWMssOS::No sw design opened at  E:/XilinxProject/IO_exp/IO_exp2.sw/mb_basic_io/microblaze_0/standalone_domain/bsp/system.mss
TRACE::2026-06-04.20:07:50::SCWMssOS::mss exists loading the mss file  E:/XilinxProject/IO_exp/IO_exp2.sw/mb_basic_io/microblaze_0/standalone_domain/bsp/system.mss
TRACE::2026-06-04.20:07:50::SCWMssOS::Opened the sw design from mss  E:/XilinxProject/IO_exp/IO_exp2.sw/mb_basic_io/microblaze_0/standalone_domain/bsp/system.mss
TRACE::2026-06-04.20:07:50::SCWMssOS::Adding the swdes entry E:/XilinxProject/IO_exp/IO_exp2.sw/mb_basic_io/microblaze_0/standalone_domain/bsp/system.mss with des name system
TRACE::2026-06-04.20:07:50::SCWMssOS::updating the scw layer about changes
TRACE::2026-06-04.20:07:50::SCWMssOS::Opened the sw design.  E:/XilinxProject/IO_exp/IO_exp2.sw/mb_basic_io/microblaze_0/standalone_domain/bsp/system.mss
TRACE::2026-06-04.20:07:50::SCWMssOS::Saving the mss changes E:/XilinxProject/IO_exp/IO_exp2.sw/mb_basic_io/microblaze_0/standalone_domain/bsp/system.mss
TRACE::2026-06-04.20:07:50::SCWMssOS::Found a swdesign opened with the mssfile.
TRACE::2026-06-04.20:07:50::SCWMssOS::Completed writemss as part of save.
TRACE::2026-06-04.20:07:50::SCWMssOS::Commit changes completed.
TRACE::2026-06-04.20:07:50::SCWReader::Adding prebuilt librarypaths as   
TRACE::2026-06-04.20:07:50::SCWReader::Adding prebuilt incpaths  as   
TRACE::2026-06-04.20:07:50::SCWPlatform::Trying to open the hw design at E:/XilinxProject/IO_exp/IO_exp2.sw/mb_basic_io/hw/design_1_wrapper.xsa
TRACE::2026-06-04.20:07:50::SCWPlatform::DSA given E:/XilinxProject/IO_exp/IO_exp2.sw/mb_basic_io/hw/design_1_wrapper.xsa
TRACE::2026-06-04.20:07:50::SCWPlatform::DSA absoulate path E:/XilinxProject/IO_exp/IO_exp2.sw/mb_basic_io/hw/design_1_wrapper.xsa
TRACE::2026-06-04.20:07:50::SCWPlatform::DSA directory E:/XilinxProject/IO_exp/IO_exp2.sw/mb_basic_io/hw
TRACE::2026-06-04.20:07:50::SCWPlatform:: Platform Path E:/XilinxProject/IO_exp/IO_exp2.sw/mb_basic_io/hw/design_1_wrapper.xsa
TRACE::2026-06-04.20:07:50::SCWPlatform:: Unique name xilinx:nexys4_ddr::0.0
TRACE::2026-06-04.20:07:50::SCWPlatform::Trying to set the existing hwdb with name design_1_wrapper_1
TRACE::2026-06-04.20:07:50::SCWPlatform::Opened existing hwdb design_1_wrapper_1
TRACE::2026-06-04.20:07:50::SCWPlatform::Found the Hw Db part of the input DSA
TRACE::2026-06-04.20:07:50::SCWMssOS::Checking the sw design at  E:/XilinxProject/IO_exp/IO_exp2.sw/mb_basic_io/microblaze_0/standalone_domain/bsp/system.mss
TRACE::2026-06-04.20:07:50::SCWMssOS::DEBUG:  swdes dump  E:/XilinxProject/IO_exp/IO_exp2.sw/mb_basic_io/microblaze_0/standalone_domain/bsp/system.mss|system||

TRACE::2026-06-04.20:07:50::SCWMssOS::Sw design exists and opened at  E:/XilinxProject/IO_exp/IO_exp2.sw/mb_basic_io/microblaze_0/standalone_domain/bsp/system.mss
TRACE::2026-06-04.20:07:50::SCWReader::No isolation master present  
LOG::2026-06-04.20:07:50::SCWPlatform::Started generating the artifacts platform mb_basic_io
TRACE::2026-06-04.20:07:50::SCWPlatform::Sanity checking of platform is completed
LOG::2026-06-04.20:07:50::SCWPlatform::Started generating the artifacts for system configuration mb_basic_io
LOG::2026-06-04.20:07:50::SCWSystem::Checking the domain standalone_domain
LOG::2026-06-04.20:07:50::SCWSystem::Not a boot domain 
LOG::2026-06-04.20:07:50::SCWSystem::Started Processing the domain standalone_domain
TRACE::2026-06-04.20:07:50::SCWDomain::Generating domain artifcats
TRACE::2026-06-04.20:07:50::SCWMssOS::Generating standalone artifcats
TRACE::2026-06-04.20:07:50::SCWMssOS:: Copying the user libraries. 
TRACE::2026-06-04.20:07:50::SCWPlatform::Trying to open the hw design at E:/XilinxProject/IO_exp/IO_exp2.sw/mb_basic_io/hw/design_1_wrapper.xsa
TRACE::2026-06-04.20:07:50::SCWPlatform::DSA given E:/XilinxProject/IO_exp/IO_exp2.sw/mb_basic_io/hw/design_1_wrapper.xsa
TRACE::2026-06-04.20:07:50::SCWPlatform::DSA absoulate path E:/XilinxProject/IO_exp/IO_exp2.sw/mb_basic_io/hw/design_1_wrapper.xsa
TRACE::2026-06-04.20:07:50::SCWPlatform::DSA directory E:/XilinxProject/IO_exp/IO_exp2.sw/mb_basic_io/hw
TRACE::2026-06-04.20:07:50::SCWPlatform:: Platform Path E:/XilinxProject/IO_exp/IO_exp2.sw/mb_basic_io/hw/design_1_wrapper.xsa
TRACE::2026-06-04.20:07:50::SCWPlatform:: Unique name xilinx:nexys4_ddr::0.0
TRACE::2026-06-04.20:07:50::SCWPlatform::Trying to set the existing hwdb with name design_1_wrapper_1
TRACE::2026-06-04.20:07:50::SCWPlatform::Opened existing hwdb design_1_wrapper_1
TRACE::2026-06-04.20:07:50::SCWPlatform::Found the Hw Db part of the input DSA
TRACE::2026-06-04.20:07:50::SCWMssOS::Checking the sw design at  E:/XilinxProject/IO_exp/IO_exp2.sw/mb_basic_io/microblaze_0/standalone_domain/bsp/system.mss
TRACE::2026-06-04.20:07:50::SCWMssOS::DEBUG:  swdes dump  E:/XilinxProject/IO_exp/IO_exp2.sw/mb_basic_io/microblaze_0/standalone_domain/bsp/system.mss|system||

TRACE::2026-06-04.20:07:50::SCWMssOS::Sw design exists and opened at  E:/XilinxProject/IO_exp/IO_exp2.sw/mb_basic_io/microblaze_0/standalone_domain/bsp/system.mss
TRACE::2026-06-04.20:07:50::SCWMssOS::Completed writing the mss file at E:/XilinxProject/IO_exp/IO_exp2.sw/mb_basic_io/microblaze_0/standalone_domain/bsp
TRACE::2026-06-04.20:07:50::SCWMssOS::Mss edits present, copying mssfile into export location E:/XilinxProject/IO_exp/IO_exp2.sw/mb_basic_io/microblaze_0/standalone_domain/bsp/system.mss
TRACE::2026-06-04.20:07:50::SCWMssOS::bsp generated is upto date with the mss file. Skipping bsp generation.
TRACE::2026-06-04.20:07:50::SCWMssOS::BSP is already built. skipping the bsp build ... 
TRACE::2026-06-04.20:07:50::SCWDomain::Skipping the build for domain :  standalone_domain
TRACE::2026-06-04.20:07:50::SCWMssOS::skipping the bsp build ... 
TRACE::2026-06-04.20:07:50::SCWMssOS::Copying to export directory.
TRACE::2026-06-04.20:07:51::SCWMssOS:: Checking if to create the Supporting Applications
TRACE::2026-06-04.20:07:51::SCWMssOS:: No Linux domain exists, trying to generate FSBL 
LOG::2026-06-04.20:07:51::SCWSystem::Completed Processing the domain standalone_domain
LOG::2026-06-04.20:07:51::SCWSystem::Completed Processing the sysconfig mb_basic_io
LOG::2026-06-04.20:07:51::SCWPlatform::Completed generating the artifacts for system configuration mb_basic_io
TRACE::2026-06-04.20:07:51::SCWPlatform::Started preparing the platform 
TRACE::2026-06-04.20:07:51::SCWSystem::Writing the bif file for system config mb_basic_io
TRACE::2026-06-04.20:07:51::SCWSystem::dir created 
TRACE::2026-06-04.20:07:51::SCWSystem::Writing the bif 
TRACE::2026-06-04.20:07:51::SCWPlatform::Started writing the spfm file 
TRACE::2026-06-04.20:07:51::SCWPlatform::Started writing the xpfm file 
TRACE::2026-06-04.20:07:51::SCWPlatform::Completed generating the platform
TRACE::2026-06-04.20:07:51::SCWMssOS::Saving the mss changes E:/XilinxProject/IO_exp/IO_exp2.sw/mb_basic_io/microblaze_0/standalone_domain/bsp/system.mss
TRACE::2026-06-04.20:07:51::SCWMssOS::Found a swdesign opened with the mssfile.
TRACE::2026-06-04.20:07:51::SCWMssOS::Completed writemss as part of save.
TRACE::2026-06-04.20:07:51::SCWMssOS::Commit changes completed.
TRACE::2026-06-04.20:07:51::SCWPlatform::Trying to open the hw design at E:/XilinxProject/IO_exp/IO_exp2.sw/mb_basic_io/hw/design_1_wrapper.xsa
TRACE::2026-06-04.20:07:51::SCWPlatform::DSA given E:/XilinxProject/IO_exp/IO_exp2.sw/mb_basic_io/hw/design_1_wrapper.xsa
TRACE::2026-06-04.20:07:51::SCWPlatform::DSA absoulate path E:/XilinxProject/IO_exp/IO_exp2.sw/mb_basic_io/hw/design_1_wrapper.xsa
TRACE::2026-06-04.20:07:51::SCWPlatform::DSA directory E:/XilinxProject/IO_exp/IO_exp2.sw/mb_basic_io/hw
TRACE::2026-06-04.20:07:51::SCWPlatform:: Platform Path E:/XilinxProject/IO_exp/IO_exp2.sw/mb_basic_io/hw/design_1_wrapper.xsa
TRACE::2026-06-04.20:07:51::SCWPlatform:: Unique name xilinx:nexys4_ddr::0.0
TRACE::2026-06-04.20:07:51::SCWPlatform::Trying to set the existing hwdb with name design_1_wrapper_1
TRACE::2026-06-04.20:07:51::SCWPlatform::Opened existing hwdb design_1_wrapper_1
TRACE::2026-06-04.20:07:51::SCWPlatform::Found the Hw Db part of the input DSA
TRACE::2026-06-04.20:07:51::SCWMssOS::Checking the sw design at  E:/XilinxProject/IO_exp/IO_exp2.sw/mb_basic_io/microblaze_0/standalone_domain/bsp/system.mss
TRACE::2026-06-04.20:07:51::SCWMssOS::DEBUG:  swdes dump  E:/XilinxProject/IO_exp/IO_exp2.sw/mb_basic_io/microblaze_0/standalone_domain/bsp/system.mss|system||

TRACE::2026-06-04.20:07:51::SCWMssOS::Sw design exists and opened at  E:/XilinxProject/IO_exp/IO_exp2.sw/mb_basic_io/microblaze_0/standalone_domain/bsp/system.mss
TRACE::2026-06-04.20:07:51::SCWWriter::formatted JSON is {
	"platformName":	"mb_basic_io",
	"sprVersion":	"2.0",
	"mode":	"gui",
	"dsaType":	"Fixed",
	"platformDesc":	"mb_basic_io",
	"platHandOff":	"E:/XilinxProject/IO_exp/design_1_wrapper.xsa",
	"platIntHandOff":	"<platformDir>/hw/design_1_wrapper.xsa",
	"deviceType":	"FPGA",
	"platIsPrebuiltAutogen":	"false",
	"platIsNoBootBsp":	"false",
	"hasFsblMakeHasChanges":	"false",
	"hasPmufwMakeHasChanges":	"false",
	"platPreBuiltFlag":	false,
	"platformSamplesDir":	"",
	"platActiveSys":	"mb_basic_io",
	"systems":	[{
			"systemName":	"mb_basic_io",
			"systemDesc":	"mb_basic_io",
			"sysIsBootAutoGen":	"true",
			"systemDispName":	"mb_basic_io",
			"sysActiveDom":	"standalone_domain",
			"sysDefaultDom":	"standalone_domain",
			"domains":	[{
					"domainName":	"standalone_domain",
					"domainDispName":	"standalone on microblaze_0",
					"domainDesc":	"standalone_domain",
					"processors":	"microblaze_0",
					"os":	"standalone",
					"sdxOs":	"standalone",
					"debugEnable":	"False",
					"domRuntimes":	["cpp"],
					"swRepo":	"",
					"mssOsVer":	"7.6",
					"mssFile":	"",
					"md5Digest":	"f3846bf43104bdbfe064a20c4a3cdccd",
					"compatibleApp":	"",
					"domType":	"mssDomain",
					"arch":	"32-bit",
					"appSettings":	{
						"appCompilerFlags":	"",
						"appLinkerFlags":	""
					},
					"addedLibs":	[],
					"libOptions":	{
						"libsContainingOptions":	[]
					},
					"prebuiltLibs":	{
						"prebuiltIncPath":	[],
						"prebuiltLibPath":	[]
					},
					"isolation":	{
					}
				}]
		}]
}
KEYINFO::2026-06-04.20:07:51::SCWPlatform::updated the xpfm file.
TRACE::2026-06-04.20:07:51::SCWPlatform::Trying to open the hw design at E:/XilinxProject/IO_exp/IO_exp2.sw/mb_basic_io/hw/design_1_wrapper.xsa
TRACE::2026-06-04.20:07:51::SCWPlatform::DSA given E:/XilinxProject/IO_exp/IO_exp2.sw/mb_basic_io/hw/design_1_wrapper.xsa
TRACE::2026-06-04.20:07:51::SCWPlatform::DSA absoulate path E:/XilinxProject/IO_exp/IO_exp2.sw/mb_basic_io/hw/design_1_wrapper.xsa
TRACE::2026-06-04.20:07:51::SCWPlatform::DSA directory E:/XilinxProject/IO_exp/IO_exp2.sw/mb_basic_io/hw
TRACE::2026-06-04.20:07:51::SCWPlatform:: Platform Path E:/XilinxProject/IO_exp/IO_exp2.sw/mb_basic_io/hw/design_1_wrapper.xsa
TRACE::2026-06-04.20:07:51::SCWPlatform:: Unique name xilinx:nexys4_ddr::0.0
TRACE::2026-06-04.20:07:51::SCWPlatform::Trying to set the existing hwdb with name design_1_wrapper_1
TRACE::2026-06-04.20:07:51::SCWPlatform::Opened existing hwdb design_1_wrapper_1
TRACE::2026-06-04.20:07:51::SCWPlatform::Found the Hw Db part of the input DSA
TRACE::2026-06-04.20:07:51::SCWMssOS::Checking the sw design at  E:/XilinxProject/IO_exp/IO_exp2.sw/mb_basic_io/microblaze_0/standalone_domain/bsp/system.mss
TRACE::2026-06-04.20:07:51::SCWMssOS::DEBUG:  swdes dump  E:/XilinxProject/IO_exp/IO_exp2.sw/mb_basic_io/microblaze_0/standalone_domain/bsp/system.mss|system||

TRACE::2026-06-04.20:07:51::SCWMssOS::Sw design exists and opened at  E:/XilinxProject/IO_exp/IO_exp2.sw/mb_basic_io/microblaze_0/standalone_domain/bsp/system.mss
TRACE::2026-06-04.20:23:48::SCWPlatform::DSA given E:/XilinxProject/IO_exp/IO_exp2.sw/mb_basic_io/tempdsa/design_1_wrapper.xsa
TRACE::2026-06-04.20:23:48::SCWPlatform::DSA absoulate path E:/XilinxProject/IO_exp/IO_exp2.sw/mb_basic_io/tempdsa/design_1_wrapper.xsa
TRACE::2026-06-04.20:23:48::SCWPlatform:: Platform location is E:/XilinxProject/IO_exp/IO_exp2.sw/mb_basic_io/tempdsa
TRACE::2026-06-04.20:23:48::SCWPlatform:: Platform Path E:/XilinxProject/IO_exp/IO_exp2.sw/mb_basic_io/tempdsa/design_1_wrapper.xsa
TRACE::2026-06-04.20:23:48::SCWPlatform:: Unique name xilinx:nexys4_ddr::0.0
TRACE::2026-06-04.20:23:53::SCWPlatform::Found the Hw Db part of the input DSA
TRACE::2026-06-04.20:23:53::SCWMssOS::Doing hw sync for the mss in domain: standalone_domain
TRACE::2026-06-04.20:23:53::SCWPlatform::Trying to open the hw design at E:/XilinxProject/IO_exp/IO_exp2.sw/mb_basic_io/hw/design_1_wrapper.xsa
TRACE::2026-06-04.20:23:53::SCWPlatform::DSA given E:/XilinxProject/IO_exp/IO_exp2.sw/mb_basic_io/hw/design_1_wrapper.xsa
TRACE::2026-06-04.20:23:53::SCWPlatform::DSA absoulate path E:/XilinxProject/IO_exp/IO_exp2.sw/mb_basic_io/hw/design_1_wrapper.xsa
TRACE::2026-06-04.20:23:53::SCWPlatform::DSA directory E:/XilinxProject/IO_exp/IO_exp2.sw/mb_basic_io/hw
TRACE::2026-06-04.20:23:53::SCWPlatform:: Platform Path E:/XilinxProject/IO_exp/IO_exp2.sw/mb_basic_io/hw/design_1_wrapper.xsa
TRACE::2026-06-04.20:23:53::SCWPlatform:: Unique name xilinx:nexys4_ddr::0.0
TRACE::2026-06-04.20:23:53::SCWPlatform::Trying to set the existing hwdb with name design_1_wrapper_1
TRACE::2026-06-04.20:23:53::SCWPlatform::Opened existing hwdb design_1_wrapper_1
TRACE::2026-06-04.20:23:53::SCWPlatform::Found the Hw Db part of the input DSA
TRACE::2026-06-04.20:23:53::SCWPlatform::Trying to open the hw design at E:/XilinxProject/IO_exp/IO_exp2.sw/mb_basic_io/hw/design_1_wrapper.xsa
TRACE::2026-06-04.20:23:53::SCWPlatform::DSA given E:/XilinxProject/IO_exp/IO_exp2.sw/mb_basic_io/hw/design_1_wrapper.xsa
TRACE::2026-06-04.20:23:53::SCWPlatform::DSA absoulate path E:/XilinxProject/IO_exp/IO_exp2.sw/mb_basic_io/hw/design_1_wrapper.xsa
TRACE::2026-06-04.20:23:53::SCWPlatform::DSA directory E:/XilinxProject/IO_exp/IO_exp2.sw/mb_basic_io/hw
TRACE::2026-06-04.20:23:53::SCWPlatform:: Platform Path E:/XilinxProject/IO_exp/IO_exp2.sw/mb_basic_io/hw/design_1_wrapper.xsa
TRACE::2026-06-04.20:23:53::SCWPlatform:: Unique name xilinx:nexys4_ddr::0.0
TRACE::2026-06-04.20:23:53::SCWPlatform::Trying to set the existing hwdb with name design_1_wrapper_1
TRACE::2026-06-04.20:23:53::SCWPlatform::Opened existing hwdb design_1_wrapper_1
TRACE::2026-06-04.20:23:53::SCWPlatform::Found the Hw Db part of the input DSA
TRACE::2026-06-04.20:23:53::SCWMssOS::Checking the sw design at  E:/XilinxProject/IO_exp/IO_exp2.sw/mb_basic_io/microblaze_0/standalone_domain/bsp/system.mss
TRACE::2026-06-04.20:23:53::SCWMssOS::DEBUG:  swdes dump  E:/XilinxProject/IO_exp/IO_exp2.sw/mb_basic_io/microblaze_0/standalone_domain/bsp/system.mss|system||

TRACE::2026-06-04.20:23:53::SCWMssOS::Sw design exists and opened at  E:/XilinxProject/IO_exp/IO_exp2.sw/mb_basic_io/microblaze_0/standalone_domain/bsp/system.mss
TRACE::2026-06-04.20:23:53::SCWPlatform::Trying to open the hw design at E:/XilinxProject/IO_exp/IO_exp2.sw/mb_basic_io/tempdsa/design_1_wrapper.xsa
TRACE::2026-06-04.20:23:53::SCWPlatform::DSA given E:/XilinxProject/IO_exp/IO_exp2.sw/mb_basic_io/tempdsa/design_1_wrapper.xsa
TRACE::2026-06-04.20:23:53::SCWPlatform::DSA absoulate path E:/XilinxProject/IO_exp/IO_exp2.sw/mb_basic_io/tempdsa/design_1_wrapper.xsa
TRACE::2026-06-04.20:23:53::SCWPlatform::DSA directory E:/XilinxProject/IO_exp/IO_exp2.sw/mb_basic_io/tempdsa
TRACE::2026-06-04.20:23:53::SCWPlatform:: Platform Path E:/XilinxProject/IO_exp/IO_exp2.sw/mb_basic_io/tempdsa/design_1_wrapper.xsa
TRACE::2026-06-04.20:23:53::SCWPlatform:: Unique name xilinx:nexys4_ddr::0.0
TRACE::2026-06-04.20:23:53::SCWPlatform::update - Opened existing hwdb design_1_wrapper_3
TRACE::2026-06-04.20:23:53::SCWPlatform::Found the Hw Db part of the input DSA
TRACE::2026-06-04.20:23:53::SCWMssOS::Saving the mss changes E:/XilinxProject/IO_exp/IO_exp2.sw/mb_basic_io/microblaze_0/standalone_domain/bsp/system.mss
TRACE::2026-06-04.20:23:53::SCWMssOS::Found a swdesign opened with the mssfile.
TRACE::2026-06-04.20:23:53::SCWMssOS::Completed writemss as part of save.
TRACE::2026-06-04.20:23:53::SCWMssOS::Commit changes completed.
TRACE::2026-06-04.20:23:53::SCWMssOS::Completed hw sync for the mss in domain: standalone_domain
TRACE::2026-06-04.20:23:53::SCWMssOS::Removing the swdes entry for  E:/XilinxProject/IO_exp/IO_exp2.sw/mb_basic_io/microblaze_0/standalone_domain/bsp/system.mss
TRACE::2026-06-04.20:23:53::SCWPlatform::Trying to open the hw design at E:/XilinxProject/IO_exp/IO_exp2.sw/mb_basic_io/hw/design_1_wrapper.xsa
TRACE::2026-06-04.20:23:53::SCWPlatform::DSA given E:/XilinxProject/IO_exp/IO_exp2.sw/mb_basic_io/hw/design_1_wrapper.xsa
TRACE::2026-06-04.20:23:53::SCWPlatform::DSA absoulate path E:/XilinxProject/IO_exp/IO_exp2.sw/mb_basic_io/hw/design_1_wrapper.xsa
TRACE::2026-06-04.20:23:53::SCWPlatform::DSA directory E:/XilinxProject/IO_exp/IO_exp2.sw/mb_basic_io/hw
TRACE::2026-06-04.20:23:53::SCWPlatform:: Platform Path E:/XilinxProject/IO_exp/IO_exp2.sw/mb_basic_io/hw/design_1_wrapper.xsa
TRACE::2026-06-04.20:23:53::SCWPlatform:: Unique name xilinx:nexys4_ddr::0.0
TRACE::2026-06-04.20:23:53::SCWPlatform::Do not have an existing db opened. 
TRACE::2026-06-04.20:23:59::SCWPlatform::Opened new HwDB with name design_1_wrapper_4
TRACE::2026-06-04.20:23:59::SCWMssOS::Saving the mss changes E:/XilinxProject/IO_exp/IO_exp2.sw/mb_basic_io/microblaze_0/standalone_domain/bsp/system.mss
TRACE::2026-06-04.20:23:59::SCWMssOS::Adding the swdes entry, mss present, able to open swdb E:/XilinxProject/IO_exp/IO_exp2.sw/mb_basic_io/microblaze_0/standalone_domain/bsp/system.mss with des name system
TRACE::2026-06-04.20:23:59::SCWMssOS::Writing the mss file completed E:/XilinxProject/IO_exp/IO_exp2.sw/mb_basic_io/microblaze_0/standalone_domain/bsp/system.mss
TRACE::2026-06-04.20:23:59::SCWMssOS::Commit changes completed.
TRACE::2026-06-04.20:23:59::SCWPlatform::Trying to open the hw design at E:/XilinxProject/IO_exp/IO_exp2.sw/mb_basic_io/hw/design_1_wrapper.xsa
TRACE::2026-06-04.20:23:59::SCWPlatform::DSA given E:/XilinxProject/IO_exp/IO_exp2.sw/mb_basic_io/hw/design_1_wrapper.xsa
TRACE::2026-06-04.20:23:59::SCWPlatform::DSA absoulate path E:/XilinxProject/IO_exp/IO_exp2.sw/mb_basic_io/hw/design_1_wrapper.xsa
TRACE::2026-06-04.20:23:59::SCWPlatform::DSA directory E:/XilinxProject/IO_exp/IO_exp2.sw/mb_basic_io/hw
TRACE::2026-06-04.20:23:59::SCWPlatform:: Platform Path E:/XilinxProject/IO_exp/IO_exp2.sw/mb_basic_io/hw/design_1_wrapper.xsa
TRACE::2026-06-04.20:23:59::SCWPlatform:: Unique name xilinx:nexys4_ddr::0.0
TRACE::2026-06-04.20:23:59::SCWPlatform::Trying to set the existing hwdb with name design_1_wrapper_4
TRACE::2026-06-04.20:23:59::SCWPlatform::Opened existing hwdb design_1_wrapper_4
TRACE::2026-06-04.20:23:59::SCWPlatform::Found the Hw Db part of the input DSA
TRACE::2026-06-04.20:23:59::SCWMssOS::Checking the sw design at  E:/XilinxProject/IO_exp/IO_exp2.sw/mb_basic_io/microblaze_0/standalone_domain/bsp/system.mss
TRACE::2026-06-04.20:23:59::SCWMssOS::DEBUG:  swdes dump  E:/XilinxProject/IO_exp/IO_exp2.sw/mb_basic_io/microblaze_0/standalone_domain/bsp/system.mss|system||

TRACE::2026-06-04.20:23:59::SCWMssOS::Sw design exists and opened at  E:/XilinxProject/IO_exp/IO_exp2.sw/mb_basic_io/microblaze_0/standalone_domain/bsp/system.mss
TRACE::2026-06-04.20:23:59::SCWWriter::formatted JSON is {
	"platformName":	"mb_basic_io",
	"sprVersion":	"2.0",
	"mode":	"gui",
	"dsaType":	"Fixed",
	"platformDesc":	"mb_basic_io",
	"platHandOff":	"E:/XilinxProject/IO_exp/design_1_wrapper.xsa",
	"platIntHandOff":	"<platformDir>/hw/design_1_wrapper.xsa",
	"deviceType":	"FPGA",
	"platIsPrebuiltAutogen":	"false",
	"platIsNoBootBsp":	"false",
	"hasFsblMakeHasChanges":	"false",
	"hasPmufwMakeHasChanges":	"false",
	"platPreBuiltFlag":	false,
	"platformSamplesDir":	"",
	"platActiveSys":	"mb_basic_io",
	"systems":	[{
			"systemName":	"mb_basic_io",
			"systemDesc":	"mb_basic_io",
			"sysIsBootAutoGen":	"true",
			"systemDispName":	"mb_basic_io",
			"sysActiveDom":	"standalone_domain",
			"sysDefaultDom":	"standalone_domain",
			"domains":	[{
					"domainName":	"standalone_domain",
					"domainDispName":	"standalone on microblaze_0",
					"domainDesc":	"standalone_domain",
					"processors":	"microblaze_0",
					"os":	"standalone",
					"sdxOs":	"standalone",
					"debugEnable":	"False",
					"domRuntimes":	["cpp"],
					"swRepo":	"",
					"mssOsVer":	"7.6",
					"mssFile":	"",
					"md5Digest":	"f3846bf43104bdbfe064a20c4a3cdccd",
					"compatibleApp":	"",
					"domType":	"mssDomain",
					"arch":	"32-bit",
					"appSettings":	{
						"appCompilerFlags":	"",
						"appLinkerFlags":	""
					},
					"addedLibs":	[],
					"libOptions":	{
						"libsContainingOptions":	[]
					},
					"prebuiltLibs":	{
						"prebuiltIncPath":	[],
						"prebuiltLibPath":	[]
					},
					"isolation":	{
					}
				}]
		}]
}
TRACE::2026-06-04.20:23:59::SCWMssOS::cleaning the bsp 
TRACE::2026-06-04.20:23:59::SCWMssOS::System Command Ran  E: & cd  E:/XilinxProject/IO_exp/IO_exp2.sw/mb_basic_io/microblaze_0/standalone_domain/bsp & make clean 
TRACE::2026-06-04.20:23:59::SCWMssOS::make -C microblaze_0/libsrc/bram_v4_7/src -s clean 

TRACE::2026-06-04.20:23:59::SCWMssOS::make -C microblaze_0/libsrc/cpu_v2_14/src -s clean 

TRACE::2026-06-04.20:23:59::SCWMssOS::make -C microblaze_0/libsrc/gpio_v4_8/src -s clean 

TRACE::2026-06-04.20:23:59::SCWMssOS::make -C microblaze_0/libsrc/intc_v3_13/src -s clean 

TRACE::2026-06-04.20:23:59::SCWMssOS::make -C microblaze_0/libsrc/spi_v4_8/src -s clean 

TRACE::2026-06-04.20:24:00::SCWMssOS::make -C microblaze_0/libsrc/standalone_v7_6/src -s clean 

TRACE::2026-06-04.20:24:00::SCWMssOS::make -C microblaze_0/libsrc/tmrctr_v4_8/src -s clean 

TRACE::2026-06-04.20:24:00::SCWMssOS::make -C microblaze_0/libsrc/uartlite_v3_6/src -s clean 

TRACE::2026-06-04.20:24:00::SCWMssOS::rm -f microblaze_0/lib/libxil.a

TRACE::2026-06-04.20:24:02::SCWPlatform::Clearing the existing platform
TRACE::2026-06-04.20:24:02::SCWSystem::Clearing the existing sysconfig
TRACE::2026-06-04.20:24:02::SCWMssOS::Removing the swdes entry for  E:/XilinxProject/IO_exp/IO_exp2.sw/mb_basic_io/microblaze_0/standalone_domain/bsp/system.mss
TRACE::2026-06-04.20:24:02::SCWSystem::Clearing the domains completed.
TRACE::2026-06-04.20:24:02::SCWPlatform::Clearing the opened hw db.
TRACE::2026-06-04.20:24:02::SCWPlatform::DSA given E:/XilinxProject/IO_exp/IO_exp2.sw/mb_basic_io/hw/design_1_wrapper.xsa
TRACE::2026-06-04.20:24:02::SCWPlatform::DSA absoulate path E:/XilinxProject/IO_exp/IO_exp2.sw/mb_basic_io/hw/design_1_wrapper.xsa
TRACE::2026-06-04.20:24:02::SCWPlatform:: Platform location is E:/XilinxProject/IO_exp/IO_exp2.sw/mb_basic_io/hw
TRACE::2026-06-04.20:24:02::SCWPlatform:: Platform Path E:/XilinxProject/IO_exp/IO_exp2.sw/mb_basic_io/hw/design_1_wrapper.xsa
TRACE::2026-06-04.20:24:02::SCWPlatform:: Unique name xilinx:nexys4_ddr::0.0
TRACE::2026-06-04.20:24:02::SCWPlatform::Removing the HwDB with name E:/XilinxProject/IO_exp/IO_exp2.sw/mb_basic_io/hw/design_1_wrapper.xsa
TRACE::2026-06-04.20:24:02::SCWPlatform::Trying to open the hw design at E:/XilinxProject/IO_exp/IO_exp2.sw/mb_basic_io/hw/design_1_wrapper.xsa
TRACE::2026-06-04.20:24:02::SCWPlatform::DSA given E:/XilinxProject/IO_exp/IO_exp2.sw/mb_basic_io/hw/design_1_wrapper.xsa
TRACE::2026-06-04.20:24:02::SCWPlatform::DSA absoulate path E:/XilinxProject/IO_exp/IO_exp2.sw/mb_basic_io/hw/design_1_wrapper.xsa
TRACE::2026-06-04.20:24:02::SCWPlatform::DSA directory E:/XilinxProject/IO_exp/IO_exp2.sw/mb_basic_io/hw
TRACE::2026-06-04.20:24:02::SCWPlatform:: Platform Path E:/XilinxProject/IO_exp/IO_exp2.sw/mb_basic_io/hw/design_1_wrapper.xsa
TRACE::2026-06-04.20:24:02::SCWPlatform:: Unique name xilinx:nexys4_ddr::0.0
TRACE::2026-06-04.20:24:02::SCWPlatform::Do not have an existing db opened. 
TRACE::2026-06-04.20:24:07::SCWPlatform::Opened new HwDB with name design_1_wrapper_5
TRACE::2026-06-04.20:24:07::SCWReader::Active system found as  mb_basic_io
TRACE::2026-06-04.20:24:07::SCWReader::Handling sysconfig mb_basic_io
TRACE::2026-06-04.20:24:07::SCWDomain::checking for install qemu data   : 
TRACE::2026-06-04.20:24:07::SCWPlatform::Trying to open the hw design at E:/XilinxProject/IO_exp/IO_exp2.sw/mb_basic_io/hw/design_1_wrapper.xsa
TRACE::2026-06-04.20:24:07::SCWPlatform::DSA given E:/XilinxProject/IO_exp/IO_exp2.sw/mb_basic_io/hw/design_1_wrapper.xsa
TRACE::2026-06-04.20:24:07::SCWPlatform::DSA absoulate path E:/XilinxProject/IO_exp/IO_exp2.sw/mb_basic_io/hw/design_1_wrapper.xsa
TRACE::2026-06-04.20:24:07::SCWPlatform::DSA directory E:/XilinxProject/IO_exp/IO_exp2.sw/mb_basic_io/hw
TRACE::2026-06-04.20:24:07::SCWPlatform:: Platform Path E:/XilinxProject/IO_exp/IO_exp2.sw/mb_basic_io/hw/design_1_wrapper.xsa
TRACE::2026-06-04.20:24:07::SCWPlatform:: Unique name xilinx:nexys4_ddr::0.0
TRACE::2026-06-04.20:24:07::SCWPlatform::Trying to set the existing hwdb with name design_1_wrapper_5
TRACE::2026-06-04.20:24:07::SCWPlatform::Opened existing hwdb design_1_wrapper_5
TRACE::2026-06-04.20:24:07::SCWPlatform::Found the Hw Db part of the input DSA
TRACE::2026-06-04.20:24:07::SCWPlatform::Trying to open the hw design at E:/XilinxProject/IO_exp/IO_exp2.sw/mb_basic_io/hw/design_1_wrapper.xsa
TRACE::2026-06-04.20:24:07::SCWPlatform::DSA given E:/XilinxProject/IO_exp/IO_exp2.sw/mb_basic_io/hw/design_1_wrapper.xsa
TRACE::2026-06-04.20:24:07::SCWPlatform::DSA absoulate path E:/XilinxProject/IO_exp/IO_exp2.sw/mb_basic_io/hw/design_1_wrapper.xsa
TRACE::2026-06-04.20:24:07::SCWPlatform::DSA directory E:/XilinxProject/IO_exp/IO_exp2.sw/mb_basic_io/hw
TRACE::2026-06-04.20:24:07::SCWPlatform:: Platform Path E:/XilinxProject/IO_exp/IO_exp2.sw/mb_basic_io/hw/design_1_wrapper.xsa
TRACE::2026-06-04.20:24:07::SCWPlatform:: Unique name xilinx:nexys4_ddr::0.0
TRACE::2026-06-04.20:24:07::SCWPlatform::Trying to set the existing hwdb with name design_1_wrapper_5
TRACE::2026-06-04.20:24:07::SCWPlatform::Opened existing hwdb design_1_wrapper_5
TRACE::2026-06-04.20:24:07::SCWPlatform::Found the Hw Db part of the input DSA
TRACE::2026-06-04.20:24:07::SCWPlatform::Trying to open the hw design at E:/XilinxProject/IO_exp/IO_exp2.sw/mb_basic_io/hw/design_1_wrapper.xsa
TRACE::2026-06-04.20:24:07::SCWPlatform::DSA given E:/XilinxProject/IO_exp/IO_exp2.sw/mb_basic_io/hw/design_1_wrapper.xsa
TRACE::2026-06-04.20:24:07::SCWPlatform::DSA absoulate path E:/XilinxProject/IO_exp/IO_exp2.sw/mb_basic_io/hw/design_1_wrapper.xsa
TRACE::2026-06-04.20:24:07::SCWPlatform::DSA directory E:/XilinxProject/IO_exp/IO_exp2.sw/mb_basic_io/hw
TRACE::2026-06-04.20:24:07::SCWPlatform:: Platform Path E:/XilinxProject/IO_exp/IO_exp2.sw/mb_basic_io/hw/design_1_wrapper.xsa
TRACE::2026-06-04.20:24:07::SCWPlatform:: Unique name xilinx:nexys4_ddr::0.0
TRACE::2026-06-04.20:24:07::SCWPlatform::Trying to set the existing hwdb with name design_1_wrapper_5
TRACE::2026-06-04.20:24:07::SCWPlatform::Opened existing hwdb design_1_wrapper_5
TRACE::2026-06-04.20:24:07::SCWPlatform::Found the Hw Db part of the input DSA
TRACE::2026-06-04.20:24:07::SCWPlatform::Trying to open the hw design at E:/XilinxProject/IO_exp/IO_exp2.sw/mb_basic_io/hw/design_1_wrapper.xsa
TRACE::2026-06-04.20:24:07::SCWPlatform::DSA given E:/XilinxProject/IO_exp/IO_exp2.sw/mb_basic_io/hw/design_1_wrapper.xsa
TRACE::2026-06-04.20:24:07::SCWPlatform::DSA absoulate path E:/XilinxProject/IO_exp/IO_exp2.sw/mb_basic_io/hw/design_1_wrapper.xsa
TRACE::2026-06-04.20:24:07::SCWPlatform::DSA directory E:/XilinxProject/IO_exp/IO_exp2.sw/mb_basic_io/hw
TRACE::2026-06-04.20:24:07::SCWPlatform:: Platform Path E:/XilinxProject/IO_exp/IO_exp2.sw/mb_basic_io/hw/design_1_wrapper.xsa
TRACE::2026-06-04.20:24:07::SCWPlatform:: Unique name xilinx:nexys4_ddr::0.0
TRACE::2026-06-04.20:24:07::SCWPlatform::Trying to set the existing hwdb with name design_1_wrapper_5
TRACE::2026-06-04.20:24:07::SCWPlatform::Opened existing hwdb design_1_wrapper_5
TRACE::2026-06-04.20:24:07::SCWPlatform::Found the Hw Db part of the input DSA
TRACE::2026-06-04.20:24:07::SCWMssOS::Checking the sw design at  E:/XilinxProject/IO_exp/IO_exp2.sw/mb_basic_io/microblaze_0/standalone_domain/bsp/system.mss
TRACE::2026-06-04.20:24:07::SCWMssOS::DEBUG:  swdes dump  
TRACE::2026-06-04.20:24:07::SCWMssOS::No sw design opened at  E:/XilinxProject/IO_exp/IO_exp2.sw/mb_basic_io/microblaze_0/standalone_domain/bsp/system.mss
TRACE::2026-06-04.20:24:07::SCWMssOS::mss exists loading the mss file  E:/XilinxProject/IO_exp/IO_exp2.sw/mb_basic_io/microblaze_0/standalone_domain/bsp/system.mss
TRACE::2026-06-04.20:24:07::SCWMssOS::Opened the sw design from mss  E:/XilinxProject/IO_exp/IO_exp2.sw/mb_basic_io/microblaze_0/standalone_domain/bsp/system.mss
TRACE::2026-06-04.20:24:07::SCWMssOS::Adding the swdes entry E:/XilinxProject/IO_exp/IO_exp2.sw/mb_basic_io/microblaze_0/standalone_domain/bsp/system.mss with des name system
TRACE::2026-06-04.20:24:07::SCWMssOS::updating the scw layer about changes
TRACE::2026-06-04.20:24:07::SCWMssOS::Opened the sw design.  E:/XilinxProject/IO_exp/IO_exp2.sw/mb_basic_io/microblaze_0/standalone_domain/bsp/system.mss
TRACE::2026-06-04.20:24:07::SCWMssOS::Saving the mss changes E:/XilinxProject/IO_exp/IO_exp2.sw/mb_basic_io/microblaze_0/standalone_domain/bsp/system.mss
TRACE::2026-06-04.20:24:07::SCWMssOS::Found a swdesign opened with the mssfile.
TRACE::2026-06-04.20:24:07::SCWMssOS::Completed writemss as part of save.
TRACE::2026-06-04.20:24:07::SCWMssOS::Commit changes completed.
TRACE::2026-06-04.20:24:07::SCWReader::Adding prebuilt librarypaths as   
TRACE::2026-06-04.20:24:07::SCWReader::Adding prebuilt incpaths  as   
TRACE::2026-06-04.20:24:07::SCWPlatform::Trying to open the hw design at E:/XilinxProject/IO_exp/IO_exp2.sw/mb_basic_io/hw/design_1_wrapper.xsa
TRACE::2026-06-04.20:24:07::SCWPlatform::DSA given E:/XilinxProject/IO_exp/IO_exp2.sw/mb_basic_io/hw/design_1_wrapper.xsa
TRACE::2026-06-04.20:24:07::SCWPlatform::DSA absoulate path E:/XilinxProject/IO_exp/IO_exp2.sw/mb_basic_io/hw/design_1_wrapper.xsa
TRACE::2026-06-04.20:24:07::SCWPlatform::DSA directory E:/XilinxProject/IO_exp/IO_exp2.sw/mb_basic_io/hw
TRACE::2026-06-04.20:24:07::SCWPlatform:: Platform Path E:/XilinxProject/IO_exp/IO_exp2.sw/mb_basic_io/hw/design_1_wrapper.xsa
TRACE::2026-06-04.20:24:07::SCWPlatform:: Unique name xilinx:nexys4_ddr::0.0
TRACE::2026-06-04.20:24:07::SCWPlatform::Trying to set the existing hwdb with name design_1_wrapper_5
TRACE::2026-06-04.20:24:07::SCWPlatform::Opened existing hwdb design_1_wrapper_5
TRACE::2026-06-04.20:24:07::SCWPlatform::Found the Hw Db part of the input DSA
TRACE::2026-06-04.20:24:07::SCWMssOS::Checking the sw design at  E:/XilinxProject/IO_exp/IO_exp2.sw/mb_basic_io/microblaze_0/standalone_domain/bsp/system.mss
TRACE::2026-06-04.20:24:07::SCWMssOS::DEBUG:  swdes dump  E:/XilinxProject/IO_exp/IO_exp2.sw/mb_basic_io/microblaze_0/standalone_domain/bsp/system.mss|system||

TRACE::2026-06-04.20:24:07::SCWMssOS::Sw design exists and opened at  E:/XilinxProject/IO_exp/IO_exp2.sw/mb_basic_io/microblaze_0/standalone_domain/bsp/system.mss
TRACE::2026-06-04.20:24:07::SCWReader::No isolation master present  
LOG::2026-06-04.20:24:13::SCWPlatform::Started generating the artifacts platform mb_basic_io
TRACE::2026-06-04.20:24:13::SCWPlatform::Sanity checking of platform is completed
LOG::2026-06-04.20:24:13::SCWPlatform::Started generating the artifacts for system configuration mb_basic_io
LOG::2026-06-04.20:24:13::SCWSystem::Checking the domain standalone_domain
LOG::2026-06-04.20:24:13::SCWSystem::Not a boot domain 
LOG::2026-06-04.20:24:13::SCWSystem::Started Processing the domain standalone_domain
TRACE::2026-06-04.20:24:13::SCWDomain::Generating domain artifcats
TRACE::2026-06-04.20:24:13::SCWMssOS::Generating standalone artifcats
TRACE::2026-06-04.20:24:13::SCWMssOS:: Copying the user libraries. 
TRACE::2026-06-04.20:24:13::SCWPlatform::Trying to open the hw design at E:/XilinxProject/IO_exp/IO_exp2.sw/mb_basic_io/hw/design_1_wrapper.xsa
TRACE::2026-06-04.20:24:13::SCWPlatform::DSA given E:/XilinxProject/IO_exp/IO_exp2.sw/mb_basic_io/hw/design_1_wrapper.xsa
TRACE::2026-06-04.20:24:13::SCWPlatform::DSA absoulate path E:/XilinxProject/IO_exp/IO_exp2.sw/mb_basic_io/hw/design_1_wrapper.xsa
TRACE::2026-06-04.20:24:13::SCWPlatform::DSA directory E:/XilinxProject/IO_exp/IO_exp2.sw/mb_basic_io/hw
TRACE::2026-06-04.20:24:13::SCWPlatform:: Platform Path E:/XilinxProject/IO_exp/IO_exp2.sw/mb_basic_io/hw/design_1_wrapper.xsa
TRACE::2026-06-04.20:24:13::SCWPlatform:: Unique name xilinx:nexys4_ddr::0.0
TRACE::2026-06-04.20:24:13::SCWPlatform::Trying to set the existing hwdb with name design_1_wrapper_5
TRACE::2026-06-04.20:24:13::SCWPlatform::Could not get the HWDB from existing dbname
TRACE::2026-06-04.20:24:13::SCWPlatform::Do not have an existing db opened. Attempting to open the hwDb. 
TRACE::2026-06-04.20:24:13::SCWPlatform::Opened new HwDB with name design_1_wrapper_6
TRACE::2026-06-04.20:24:13::SCWMssOS::Checking the sw design at  E:/XilinxProject/IO_exp/IO_exp2.sw/mb_basic_io/microblaze_0/standalone_domain/bsp/system.mss
TRACE::2026-06-04.20:24:13::SCWMssOS::DEBUG:  swdes dump  E:/XilinxProject/IO_exp/IO_exp2.sw/mb_basic_io/microblaze_0/standalone_domain/bsp/system.mss|system||

TRACE::2026-06-04.20:24:13::SCWMssOS::Sw design exists and opened at  E:/XilinxProject/IO_exp/IO_exp2.sw/mb_basic_io/microblaze_0/standalone_domain/bsp/system.mss
TRACE::2026-06-04.20:24:13::SCWMssOS::Completed writing the mss file at E:/XilinxProject/IO_exp/IO_exp2.sw/mb_basic_io/microblaze_0/standalone_domain/bsp
TRACE::2026-06-04.20:24:13::SCWMssOS::Mss edits present, copying mssfile into export location E:/XilinxProject/IO_exp/IO_exp2.sw/mb_basic_io/microblaze_0/standalone_domain/bsp/system.mss
TRACE::2026-06-04.20:24:13::SCWMssOS::bsp generated is upto date with the mss file. Skipping bsp generation.
TRACE::2026-06-04.20:24:13::SCWMssOS::BSP is already built. skipping the bsp build ... 
TRACE::2026-06-04.20:24:13::SCWDomain::Building the domain as part of full build :  standalone_domain
TRACE::2026-06-04.20:24:13::SCWMssOS::doing bsp build ... 
TRACE::2026-06-04.20:24:13::SCWMssOS::System Command Ran  E: & cd  E:/XilinxProject/IO_exp/IO_exp2.sw/mb_basic_io/microblaze_0/standalone_domain/bsp & make 
TRACE::2026-06-04.20:24:13::SCWMssOS::make --no-print-directory seq_libs

TRACE::2026-06-04.20:24:13::SCWMssOS::'Finished building libraries sequentially.'

TRACE::2026-06-04.20:24:13::SCWMssOS::make -j 16 --no-print-directory par_libs

TRACE::2026-06-04.20:24:13::SCWMssOS::"Running Make include in microblaze_0/libsrc/bram_v4_7/src"

TRACE::2026-06-04.20:24:13::SCWMssOS::make -C microblaze_0/libsrc/bram_v4_7/src -s include  "SHELL=CMD" "COMPILER=mb-gcc" "ASSEMBLER=mb-as" "ARCHIVER=mb-ar" "COMPILE
TRACE::2026-06-04.20:24:13::SCWMssOS::R_FLAGS=  -O2 -c -mcpu=v11.0 -mlittle-endian -mxl-soft-mul" "EXTRA_COMPILER_FLAGS=-g -ffunction-sections -fdata-sections -Wall 
TRACE::2026-06-04.20:24:13::SCWMssOS::-Wextra -fno-tree-loop-distribute-patterns"

TRACE::2026-06-04.20:24:13::SCWMssOS::"Running Make include in microblaze_0/libsrc/cpu_v2_14/src"

TRACE::2026-06-04.20:24:13::SCWMssOS::make -C microblaze_0/libsrc/cpu_v2_14/src -s include  "SHELL=CMD" "COMPILER=mb-gcc" "ASSEMBLER=mb-as" "ARCHIVER=mb-ar" "COMPILE
TRACE::2026-06-04.20:24:13::SCWMssOS::R_FLAGS=  -O2 -c -mcpu=v11.0 -mlittle-endian -mxl-soft-mul" "EXTRA_COMPILER_FLAGS=-g -ffunction-sections -fdata-sections -Wall 
TRACE::2026-06-04.20:24:13::SCWMssOS::-Wextra -fno-tree-loop-distribute-patterns"

TRACE::2026-06-04.20:24:14::SCWMssOS::"Running Make include in microblaze_0/libsrc/gpio_v4_8/src"

TRACE::2026-06-04.20:24:14::SCWMssOS::make -C microblaze_0/libsrc/gpio_v4_8/src -s include  "SHELL=CMD" "COMPILER=mb-gcc" "ASSEMBLER=mb-as" "ARCHIVER=mb-ar" "COMPILE
TRACE::2026-06-04.20:24:14::SCWMssOS::R_FLAGS=  -O2 -c -mcpu=v11.0 -mlittle-endian -mxl-soft-mul" "EXTRA_COMPILER_FLAGS=-g -ffunction-sections -fdata-sections -Wall 
TRACE::2026-06-04.20:24:14::SCWMssOS::-Wextra -fno-tree-loop-distribute-patterns"

TRACE::2026-06-04.20:24:14::SCWMssOS::"Running Make include in microblaze_0/libsrc/intc_v3_13/src"

TRACE::2026-06-04.20:24:14::SCWMssOS::make -C microblaze_0/libsrc/intc_v3_13/src -s include  "SHELL=CMD" "COMPILER=mb-gcc" "ASSEMBLER=mb-as" "ARCHIVER=mb-ar" "COMPIL
TRACE::2026-06-04.20:24:14::SCWMssOS::ER_FLAGS=  -O2 -c -mcpu=v11.0 -mlittle-endian -mxl-soft-mul" "EXTRA_COMPILER_FLAGS=-g -ffunction-sections -fdata-sections -Wall
TRACE::2026-06-04.20:24:14::SCWMssOS:: -Wextra -fno-tree-loop-distribute-patterns"

TRACE::2026-06-04.20:24:14::SCWMssOS::"Running Make include in microblaze_0/libsrc/spi_v4_8/src"

TRACE::2026-06-04.20:24:14::SCWMssOS::make -C microblaze_0/libsrc/spi_v4_8/src -s include  "SHELL=CMD" "COMPILER=mb-gcc" "ASSEMBLER=mb-as" "ARCHIVER=mb-ar" "COMPILER
TRACE::2026-06-04.20:24:14::SCWMssOS::_FLAGS=  -O2 -c -mcpu=v11.0 -mlittle-endian -mxl-soft-mul" "EXTRA_COMPILER_FLAGS=-g -ffunction-sections -fdata-sections -Wall -
TRACE::2026-06-04.20:24:14::SCWMssOS::Wextra -fno-tree-loop-distribute-patterns"

TRACE::2026-06-04.20:24:14::SCWMssOS::"Running Make include in microblaze_0/libsrc/standalone_v7_6/src"

TRACE::2026-06-04.20:24:14::SCWMssOS::make -C microblaze_0/libsrc/standalone_v7_6/src -s include  "SHELL=CMD" "COMPILER=mb-gcc" "ASSEMBLER=mb-as" "ARCHIVER=mb-ar" "C
TRACE::2026-06-04.20:24:14::SCWMssOS::OMPILER_FLAGS=  -O2 -c -mcpu=v11.0 -mlittle-endian -mxl-soft-mul" "EXTRA_COMPILER_FLAGS=-g -ffunction-sections -fdata-sections 
TRACE::2026-06-04.20:24:14::SCWMssOS::-Wall -Wextra -fno-tree-loop-distribute-patterns"

TRACE::2026-06-04.20:24:14::SCWMssOS::"Running Make include in microblaze_0/libsrc/tmrctr_v4_8/src"

TRACE::2026-06-04.20:24:14::SCWMssOS::make -C microblaze_0/libsrc/tmrctr_v4_8/src -s include  "SHELL=CMD" "COMPILER=mb-gcc" "ASSEMBLER=mb-as" "ARCHIVER=mb-ar" "COMPI
TRACE::2026-06-04.20:24:14::SCWMssOS::LER_FLAGS=  -O2 -c -mcpu=v11.0 -mlittle-endian -mxl-soft-mul" "EXTRA_COMPILER_FLAGS=-g -ffunction-sections -fdata-sections -Wal
TRACE::2026-06-04.20:24:14::SCWMssOS::l -Wextra -fno-tree-loop-distribute-patterns"

TRACE::2026-06-04.20:24:14::SCWMssOS::"Running Make include in microblaze_0/libsrc/uartlite_v3_6/src"

TRACE::2026-06-04.20:24:14::SCWMssOS::make -C microblaze_0/libsrc/uartlite_v3_6/src -s include  "SHELL=CMD" "COMPILER=mb-gcc" "ASSEMBLER=mb-as" "ARCHIVER=mb-ar" "COM
TRACE::2026-06-04.20:24:14::SCWMssOS::PILER_FLAGS=  -O2 -c -mcpu=v11.0 -mlittle-endian -mxl-soft-mul" "EXTRA_COMPILER_FLAGS=-g -ffunction-sections -fdata-sections -W
TRACE::2026-06-04.20:24:14::SCWMssOS::all -Wextra -fno-tree-loop-distribute-patterns"

TRACE::2026-06-04.20:24:14::SCWMssOS::"Running Make libs in microblaze_0/libsrc/bram_v4_7/src"

TRACE::2026-06-04.20:24:14::SCWMssOS::make -C microblaze_0/libsrc/bram_v4_7/src -s libs  "SHELL=CMD" "COMPILER=mb-gcc" "ASSEMBLER=mb-as" "ARCHIVER=mb-ar" "COMPILER_F
TRACE::2026-06-04.20:24:14::SCWMssOS::LAGS=  -O2 -c -mcpu=v11.0 -mlittle-endian -mxl-soft-mul" "EXTRA_COMPILER_FLAGS=-g -ffunction-sections -fdata-sections -Wall -We
TRACE::2026-06-04.20:24:14::SCWMssOS::xtra -fno-tree-loop-distribute-patterns"

TRACE::2026-06-04.20:24:14::SCWMssOS::"Running Make libs in microblaze_0/libsrc/cpu_v2_14/src"

TRACE::2026-06-04.20:24:14::SCWMssOS::make -C microblaze_0/libsrc/cpu_v2_14/src -s libs  "SHELL=CMD" "COMPILER=mb-gcc" "ASSEMBLER=mb-as" "ARCHIVER=mb-ar" "COMPILER_F
TRACE::2026-06-04.20:24:14::SCWMssOS::LAGS=  -O2 -c -mcpu=v11.0 -mlittle-endian -mxl-soft-mul" "EXTRA_COMPILER_FLAGS=-g -ffunction-sections -fdata-sections -Wall -We
TRACE::2026-06-04.20:24:14::SCWMssOS::xtra -fno-tree-loop-distribute-patterns"

TRACE::2026-06-04.20:24:14::SCWMssOS::"Running Make libs in microblaze_0/libsrc/gpio_v4_8/src"

TRACE::2026-06-04.20:24:14::SCWMssOS::make -C microblaze_0/libsrc/gpio_v4_8/src -s libs  "SHELL=CMD" "COMPILER=mb-gcc" "ASSEMBLER=mb-as" "ARCHIVER=mb-ar" "COMPILER_F
TRACE::2026-06-04.20:24:14::SCWMssOS::LAGS=  -O2 -c -mcpu=v11.0 -mlittle-endian -mxl-soft-mul" "EXTRA_COMPILER_FLAGS=-g -ffunction-sections -fdata-sections -Wall -We
TRACE::2026-06-04.20:24:14::SCWMssOS::xtra -fno-tree-loop-distribute-patterns"

TRACE::2026-06-04.20:24:14::SCWMssOS::"Running Make libs in microblaze_0/libsrc/intc_v3_13/src"

TRACE::2026-06-04.20:24:14::SCWMssOS::make -C microblaze_0/libsrc/intc_v3_13/src -s libs  "SHELL=CMD" "COMPILER=mb-gcc" "ASSEMBLER=mb-as" "ARCHIVER=mb-ar" "COMPILER_
TRACE::2026-06-04.20:24:14::SCWMssOS::FLAGS=  -O2 -c -mcpu=v11.0 -mlittle-endian -mxl-soft-mul" "EXTRA_COMPILER_FLAGS=-g -ffunction-sections -fdata-sections -Wall -W
TRACE::2026-06-04.20:24:14::SCWMssOS::extra -fno-tree-loop-distribute-patterns"

TRACE::2026-06-04.20:24:15::SCWMssOS::"Running Make libs in microblaze_0/libsrc/spi_v4_8/src"

TRACE::2026-06-04.20:24:15::SCWMssOS::make -C microblaze_0/libsrc/spi_v4_8/src -s libs  "SHELL=CMD" "COMPILER=mb-gcc" "ASSEMBLER=mb-as" "ARCHIVER=mb-ar" "COMPILER_FL
TRACE::2026-06-04.20:24:15::SCWMssOS::AGS=  -O2 -c -mcpu=v11.0 -mlittle-endian -mxl-soft-mul" "EXTRA_COMPILER_FLAGS=-g -ffunction-sections -fdata-sections -Wall -Wex
TRACE::2026-06-04.20:24:15::SCWMssOS::tra -fno-tree-loop-distribute-patterns"

TRACE::2026-06-04.20:24:15::SCWMssOS::"Running Make libs in microblaze_0/libsrc/standalone_v7_6/src"

TRACE::2026-06-04.20:24:15::SCWMssOS::make -C microblaze_0/libsrc/standalone_v7_6/src -s libs  "SHELL=CMD" "COMPILER=mb-gcc" "ASSEMBLER=mb-as" "ARCHIVER=mb-ar" "COMP
TRACE::2026-06-04.20:24:15::SCWMssOS::ILER_FLAGS=  -O2 -c -mcpu=v11.0 -mlittle-endian -mxl-soft-mul" "EXTRA_COMPILER_FLAGS=-g -ffunction-sections -fdata-sections -Wa
TRACE::2026-06-04.20:24:15::SCWMssOS::ll -Wextra -fno-tree-loop-distribute-patterns"

TRACE::2026-06-04.20:24:15::SCWMssOS::"Running Make libs in microblaze_0/libsrc/tmrctr_v4_8/src"

TRACE::2026-06-04.20:24:15::SCWMssOS::make -C microblaze_0/libsrc/tmrctr_v4_8/src -s libs  "SHELL=CMD" "COMPILER=mb-gcc" "ASSEMBLER=mb-as" "ARCHIVER=mb-ar" "COMPILER
TRACE::2026-06-04.20:24:15::SCWMssOS::_FLAGS=  -O2 -c -mcpu=v11.0 -mlittle-endian -mxl-soft-mul" "EXTRA_COMPILER_FLAGS=-g -ffunction-sections -fdata-sections -Wall -
TRACE::2026-06-04.20:24:15::SCWMssOS::Wextra -fno-tree-loop-distribute-patterns"

TRACE::2026-06-04.20:24:15::SCWMssOS::"Running Make libs in microblaze_0/libsrc/uartlite_v3_6/src"

TRACE::2026-06-04.20:24:15::SCWMssOS::make -C microblaze_0/libsrc/uartlite_v3_6/src -s libs  "SHELL=CMD" "COMPILER=mb-gcc" "ASSEMBLER=mb-as" "ARCHIVER=mb-ar" "COMPIL
TRACE::2026-06-04.20:24:15::SCWMssOS::ER_FLAGS=  -O2 -c -mcpu=v11.0 -mlittle-endian -mxl-soft-mul" "EXTRA_COMPILER_FLAGS=-g -ffunction-sections -fdata-sections -Wall
TRACE::2026-06-04.20:24:15::SCWMssOS:: -Wextra -fno-tree-loop-distribute-patterns"

TRACE::2026-06-04.20:24:17::SCWMssOS::"DEBUG NON_LTO_OBJECTS is ../../../lib/microblaze_interrupt_handler.o"

TRACE::2026-06-04.20:24:17::SCWMssOS::'Finished building libraries parallelly.'

TRACE::2026-06-04.20:24:17::SCWMssOS::make --no-print-directory archive

TRACE::2026-06-04.20:24:17::SCWMssOS::mb-ar -r  microblaze_0/lib/libxil.a microblaze_0/lib/xplatform_info.o microblaze_0/lib/xuartlite.o microblaze_0/lib/microblaze_
TRACE::2026-06-04.20:24:17::SCWMssOS::disable_exceptions.o microblaze_0/lib/print.o microblaze_0/lib/xtmrctr_options.o microblaze_0/lib/_exit.o microblaze_0/lib/xil_
TRACE::2026-06-04.20:24:17::SCWMssOS::testio.o microblaze_0/lib/microblaze_disable_dcache.o microblaze_0/lib/microblaze_flush_dcache_range.o microblaze_0/lib/xspi_g.
TRACE::2026-06-04.20:24:17::SCWMssOS::o microblaze_0/lib/microblaze_flush_cache_ext.o microblaze_0/lib/xbram_sinit.o microblaze_0/lib/xspi_sinit.o microblaze_0/lib/x
TRACE::2026-06-04.20:24:17::SCWMssOS::il_misc_psreset_api.o microblaze_0/lib/xspi_selftest.o microblaze_0/lib/xil_cache.o microblaze_0/lib/xil_util.o microblaze_0/li
TRACE::2026-06-04.20:24:17::SCWMssOS::b/inbyte.o microblaze_0/lib/microblaze_exception_handler.o microblaze_0/lib/xbram_g.o microblaze_0/lib/microblaze_scrub.o micro
TRACE::2026-06-04.20:24:17::SCWMssOS::blaze_0/lib/microblaze_invalidate_dcache.o microblaze_0/lib/microblaze_disable_interrupts.o microblaze_0/lib/xbram_selftest.o m
TRACE::2026-06-04.20:24:17::SCWMssOS::icroblaze_0/lib/microblaze_interrupt_handler.o microblaze_0/lib/microblaze_disable_icache.o microblaze_0/lib/xuartlite_sinit.o 
TRACE::2026-06-04.20:24:17::SCWMssOS::microblaze_0/lib/xgpio_g.o microblaze_0/lib/xil_mem.o microblaze_0/lib/xspi_stats.o microblaze_0/lib/microblaze_flush_cache_ext
TRACE::2026-06-04.20:24:17::SCWMssOS::_range.o microblaze_0/lib/xtmrctr_intr.o microblaze_0/lib/xbram_intr.o microblaze_0/lib/xil_sleepcommon.o microblaze_0/lib/xil_
TRACE::2026-06-04.20:24:17::SCWMssOS::printf.o microblaze_0/lib/xintc_g.o microblaze_0/lib/xuartlite_g.o microblaze_0/lib/xtmrctr_l.o microblaze_0/lib/xintc_selftest
TRACE::2026-06-04.20:24:17::SCWMssOS::.o microblaze_0/lib/xintc_l.o microblaze_0/lib/outbyte.o microblaze_0/lib/xgpio_intr.o microblaze_0/lib/microblaze_invalidate_d
TRACE::2026-06-04.20:24:17::SCWMssOS::cache_range.o microblaze_0/lib/microblaze_invalidate_cache_ext.o microblaze_0/lib/microblaze_sleep.o microblaze_0/lib/hw_except
TRACE::2026-06-04.20:24:17::SCWMssOS::ion_handler.o microblaze_0/lib/xtmrctr.o microblaze_0/lib/xuartlite_selftest.o microblaze_0/lib/xgpio_sinit.o microblaze_0/lib/
TRACE::2026-06-04.20:24:17::SCWMssOS::microblaze_update_dcache.o microblaze_0/lib/xil_testcache.o microblaze_0/lib/microblaze_selftest.o microblaze_0/lib/microblaze_
TRACE::2026-06-04.20:24:17::SCWMssOS::interrupts_g.o microblaze_0/lib/microblaze_enable_exceptions.o microblaze_0/lib/xio.o microblaze_0/lib/xtmrctr_g.o microblaze_0
TRACE::2026-06-04.20:24:17::SCWMssOS::/lib/microblaze_enable_dcache.o microblaze_0/lib/xbram.o microblaze_0/lib/microblaze_invalidate_icache_range.o microblaze_0/lib
TRACE::2026-06-04.20:24:17::SCWMssOS::/xtmrctr_selftest.o microblaze_0/lib/microblaze_init_dcache_range.o microblaze_0/lib/microblaze_invalidate_icache.o microblaze_
TRACE::2026-06-04.20:24:17::SCWMssOS::0/lib/xspi_options.o microblaze_0/lib/errno.o microblaze_0/lib/xuartlite_l.o microblaze_0/lib/xintc_options.o microblaze_0/lib/
TRACE::2026-06-04.20:24:17::SCWMssOS::xuartlite_stats.o microblaze_0/lib/microblaze_invalidate_cache_ext_range.o microblaze_0/lib/xintc_intr.o microblaze_0/lib/xil_e
TRACE::2026-06-04.20:24:17::SCWMssOS::xception.o microblaze_0/lib/pvr.o microblaze_0/lib/xgpio.o microblaze_0/lib/xil_testmem.o microblaze_0/lib/microblaze_update_ic
TRACE::2026-06-04.20:24:17::SCWMssOS::ache.o microblaze_0/lib/xuartlite_intr.o microblaze_0/lib/microblaze_flush_dcache.o microblaze_0/lib/xil_clocking.o microblaze_
TRACE::2026-06-04.20:24:17::SCWMssOS::0/lib/xil_assert.o microblaze_0/lib/microblaze_enable_interrupts.o microblaze_0/lib/xgpio_extra.o microblaze_0/lib/xspi.o micro
TRACE::2026-06-04.20:24:17::SCWMssOS::blaze_0/lib/microblaze_enable_icache.o microblaze_0/lib/xintc.o microblaze_0/lib/xtmrctr_stats.o microblaze_0/lib/microblaze_in
TRACE::2026-06-04.20:24:17::SCWMssOS::it_icache_range.o microblaze_0/lib/xtmrctr_sinit.o microblaze_0/lib/fcntl.o microblaze_0/lib/xgpio_selftest.o

TRACE::2026-06-04.20:24:17::SCWMssOS::'Finished building libraries'

TRACE::2026-06-04.20:24:18::SCWMssOS::Copying to export directory.
TRACE::2026-06-04.20:24:18::SCWMssOS:: Checking if to create the Supporting Applications
TRACE::2026-06-04.20:24:18::SCWMssOS:: No Linux domain exists, trying to generate FSBL 
LOG::2026-06-04.20:24:18::SCWSystem::Completed Processing the domain standalone_domain
LOG::2026-06-04.20:24:18::SCWSystem::Completed Processing the sysconfig mb_basic_io
LOG::2026-06-04.20:24:18::SCWPlatform::Completed generating the artifacts for system configuration mb_basic_io
TRACE::2026-06-04.20:24:18::SCWPlatform::Started preparing the platform 
TRACE::2026-06-04.20:24:18::SCWSystem::Writing the bif file for system config mb_basic_io
TRACE::2026-06-04.20:24:18::SCWSystem::dir created 
TRACE::2026-06-04.20:24:18::SCWSystem::Writing the bif 
TRACE::2026-06-04.20:24:18::SCWPlatform::Started writing the spfm file 
TRACE::2026-06-04.20:24:18::SCWPlatform::Started writing the xpfm file 
TRACE::2026-06-04.20:24:18::SCWPlatform::Completed generating the platform
TRACE::2026-06-04.20:24:18::SCWMssOS::Saving the mss changes E:/XilinxProject/IO_exp/IO_exp2.sw/mb_basic_io/microblaze_0/standalone_domain/bsp/system.mss
TRACE::2026-06-04.20:24:18::SCWMssOS::Found a swdesign opened with the mssfile.
TRACE::2026-06-04.20:24:18::SCWMssOS::Completed writemss as part of save.
TRACE::2026-06-04.20:24:18::SCWMssOS::Commit changes completed.
TRACE::2026-06-04.20:24:18::SCWPlatform::Trying to open the hw design at E:/XilinxProject/IO_exp/IO_exp2.sw/mb_basic_io/hw/design_1_wrapper.xsa
TRACE::2026-06-04.20:24:18::SCWPlatform::DSA given E:/XilinxProject/IO_exp/IO_exp2.sw/mb_basic_io/hw/design_1_wrapper.xsa
TRACE::2026-06-04.20:24:18::SCWPlatform::DSA absoulate path E:/XilinxProject/IO_exp/IO_exp2.sw/mb_basic_io/hw/design_1_wrapper.xsa
TRACE::2026-06-04.20:24:18::SCWPlatform::DSA directory E:/XilinxProject/IO_exp/IO_exp2.sw/mb_basic_io/hw
TRACE::2026-06-04.20:24:18::SCWPlatform:: Platform Path E:/XilinxProject/IO_exp/IO_exp2.sw/mb_basic_io/hw/design_1_wrapper.xsa
TRACE::2026-06-04.20:24:18::SCWPlatform:: Unique name xilinx:nexys4_ddr::0.0
TRACE::2026-06-04.20:24:18::SCWPlatform::Trying to set the existing hwdb with name design_1_wrapper_6
TRACE::2026-06-04.20:24:18::SCWPlatform::Opened existing hwdb design_1_wrapper_6
TRACE::2026-06-04.20:24:18::SCWPlatform::Found the Hw Db part of the input DSA
TRACE::2026-06-04.20:24:18::SCWMssOS::Checking the sw design at  E:/XilinxProject/IO_exp/IO_exp2.sw/mb_basic_io/microblaze_0/standalone_domain/bsp/system.mss
TRACE::2026-06-04.20:24:18::SCWMssOS::DEBUG:  swdes dump  E:/XilinxProject/IO_exp/IO_exp2.sw/mb_basic_io/microblaze_0/standalone_domain/bsp/system.mss|system||

TRACE::2026-06-04.20:24:18::SCWMssOS::Sw design exists and opened at  E:/XilinxProject/IO_exp/IO_exp2.sw/mb_basic_io/microblaze_0/standalone_domain/bsp/system.mss
TRACE::2026-06-04.20:24:18::SCWWriter::formatted JSON is {
	"platformName":	"mb_basic_io",
	"sprVersion":	"2.0",
	"mode":	"gui",
	"dsaType":	"Fixed",
	"platformDesc":	"mb_basic_io",
	"platHandOff":	"E:/XilinxProject/IO_exp/design_1_wrapper.xsa",
	"platIntHandOff":	"<platformDir>/hw/design_1_wrapper.xsa",
	"deviceType":	"FPGA",
	"platIsPrebuiltAutogen":	"false",
	"platIsNoBootBsp":	"false",
	"hasFsblMakeHasChanges":	"false",
	"hasPmufwMakeHasChanges":	"false",
	"platPreBuiltFlag":	false,
	"platformSamplesDir":	"",
	"platActiveSys":	"mb_basic_io",
	"systems":	[{
			"systemName":	"mb_basic_io",
			"systemDesc":	"mb_basic_io",
			"sysIsBootAutoGen":	"true",
			"systemDispName":	"mb_basic_io",
			"sysActiveDom":	"standalone_domain",
			"sysDefaultDom":	"standalone_domain",
			"domains":	[{
					"domainName":	"standalone_domain",
					"domainDispName":	"standalone on microblaze_0",
					"domainDesc":	"standalone_domain",
					"processors":	"microblaze_0",
					"os":	"standalone",
					"sdxOs":	"standalone",
					"debugEnable":	"False",
					"domRuntimes":	["cpp"],
					"swRepo":	"",
					"mssOsVer":	"7.6",
					"mssFile":	"",
					"md5Digest":	"f3846bf43104bdbfe064a20c4a3cdccd",
					"compatibleApp":	"",
					"domType":	"mssDomain",
					"arch":	"32-bit",
					"appSettings":	{
						"appCompilerFlags":	"",
						"appLinkerFlags":	""
					},
					"addedLibs":	[],
					"libOptions":	{
						"libsContainingOptions":	[]
					},
					"prebuiltLibs":	{
						"prebuiltIncPath":	[],
						"prebuiltLibPath":	[]
					},
					"isolation":	{
					}
				}]
		}]
}
KEYINFO::2026-06-04.20:24:18::SCWPlatform::updated the xpfm file.
TRACE::2026-06-04.20:24:18::SCWPlatform::Trying to open the hw design at E:/XilinxProject/IO_exp/IO_exp2.sw/mb_basic_io/hw/design_1_wrapper.xsa
TRACE::2026-06-04.20:24:18::SCWPlatform::DSA given E:/XilinxProject/IO_exp/IO_exp2.sw/mb_basic_io/hw/design_1_wrapper.xsa
TRACE::2026-06-04.20:24:18::SCWPlatform::DSA absoulate path E:/XilinxProject/IO_exp/IO_exp2.sw/mb_basic_io/hw/design_1_wrapper.xsa
TRACE::2026-06-04.20:24:18::SCWPlatform::DSA directory E:/XilinxProject/IO_exp/IO_exp2.sw/mb_basic_io/hw
TRACE::2026-06-04.20:24:18::SCWPlatform:: Platform Path E:/XilinxProject/IO_exp/IO_exp2.sw/mb_basic_io/hw/design_1_wrapper.xsa
TRACE::2026-06-04.20:24:18::SCWPlatform:: Unique name xilinx:nexys4_ddr::0.0
TRACE::2026-06-04.20:24:18::SCWPlatform::Trying to set the existing hwdb with name design_1_wrapper_6
TRACE::2026-06-04.20:24:18::SCWPlatform::Opened existing hwdb design_1_wrapper_6
TRACE::2026-06-04.20:24:18::SCWPlatform::Found the Hw Db part of the input DSA
TRACE::2026-06-04.20:24:18::SCWMssOS::Checking the sw design at  E:/XilinxProject/IO_exp/IO_exp2.sw/mb_basic_io/microblaze_0/standalone_domain/bsp/system.mss
TRACE::2026-06-04.20:24:18::SCWMssOS::DEBUG:  swdes dump  E:/XilinxProject/IO_exp/IO_exp2.sw/mb_basic_io/microblaze_0/standalone_domain/bsp/system.mss|system||

TRACE::2026-06-04.20:24:18::SCWMssOS::Sw design exists and opened at  E:/XilinxProject/IO_exp/IO_exp2.sw/mb_basic_io/microblaze_0/standalone_domain/bsp/system.mss
TRACE::2026-06-04.20:24:23::SCWMssOS::cleaning the bsp 
TRACE::2026-06-04.20:24:23::SCWMssOS::System Command Ran  E: & cd  E:/XilinxProject/IO_exp/IO_exp2.sw/mb_basic_io/microblaze_0/standalone_domain/bsp & make clean 
TRACE::2026-06-04.20:24:24::SCWMssOS::make -C microblaze_0/libsrc/bram_v4_7/src -s clean 

TRACE::2026-06-04.20:24:24::SCWMssOS::make -C microblaze_0/libsrc/cpu_v2_14/src -s clean 

TRACE::2026-06-04.20:24:24::SCWMssOS::make -C microblaze_0/libsrc/gpio_v4_8/src -s clean 

TRACE::2026-06-04.20:24:24::SCWMssOS::make -C microblaze_0/libsrc/intc_v3_13/src -s clean 

TRACE::2026-06-04.20:24:24::SCWMssOS::make -C microblaze_0/libsrc/spi_v4_8/src -s clean 

TRACE::2026-06-04.20:24:24::SCWMssOS::make -C microblaze_0/libsrc/standalone_v7_6/src -s clean 

TRACE::2026-06-04.20:24:25::SCWMssOS::make -C microblaze_0/libsrc/tmrctr_v4_8/src -s clean 

TRACE::2026-06-04.20:24:25::SCWMssOS::make -C microblaze_0/libsrc/uartlite_v3_6/src -s clean 

TRACE::2026-06-04.20:24:25::SCWMssOS::rm -f microblaze_0/lib/libxil.a

LOG::2026-06-04.20:24:43::SCWPlatform::Started generating the artifacts platform mb_basic_io
TRACE::2026-06-04.20:24:43::SCWPlatform::Sanity checking of platform is completed
LOG::2026-06-04.20:24:43::SCWPlatform::Started generating the artifacts for system configuration mb_basic_io
LOG::2026-06-04.20:24:43::SCWSystem::Checking the domain standalone_domain
LOG::2026-06-04.20:24:43::SCWSystem::Not a boot domain 
LOG::2026-06-04.20:24:43::SCWSystem::Started Processing the domain standalone_domain
TRACE::2026-06-04.20:24:43::SCWDomain::Generating domain artifcats
TRACE::2026-06-04.20:24:43::SCWMssOS::Generating standalone artifcats
TRACE::2026-06-04.20:24:43::SCWMssOS:: Copying the user libraries. 
TRACE::2026-06-04.20:24:43::SCWPlatform::Trying to open the hw design at E:/XilinxProject/IO_exp/IO_exp2.sw/mb_basic_io/hw/design_1_wrapper.xsa
TRACE::2026-06-04.20:24:43::SCWPlatform::DSA given E:/XilinxProject/IO_exp/IO_exp2.sw/mb_basic_io/hw/design_1_wrapper.xsa
TRACE::2026-06-04.20:24:43::SCWPlatform::DSA absoulate path E:/XilinxProject/IO_exp/IO_exp2.sw/mb_basic_io/hw/design_1_wrapper.xsa
TRACE::2026-06-04.20:24:43::SCWPlatform::DSA directory E:/XilinxProject/IO_exp/IO_exp2.sw/mb_basic_io/hw
TRACE::2026-06-04.20:24:43::SCWPlatform:: Platform Path E:/XilinxProject/IO_exp/IO_exp2.sw/mb_basic_io/hw/design_1_wrapper.xsa
TRACE::2026-06-04.20:24:43::SCWPlatform:: Unique name xilinx:nexys4_ddr::0.0
TRACE::2026-06-04.20:24:43::SCWPlatform::Trying to set the existing hwdb with name design_1_wrapper_6
TRACE::2026-06-04.20:24:43::SCWPlatform::Opened existing hwdb design_1_wrapper_6
TRACE::2026-06-04.20:24:43::SCWPlatform::Found the Hw Db part of the input DSA
TRACE::2026-06-04.20:24:43::SCWMssOS::Checking the sw design at  E:/XilinxProject/IO_exp/IO_exp2.sw/mb_basic_io/microblaze_0/standalone_domain/bsp/system.mss
TRACE::2026-06-04.20:24:43::SCWMssOS::DEBUG:  swdes dump  E:/XilinxProject/IO_exp/IO_exp2.sw/mb_basic_io/microblaze_0/standalone_domain/bsp/system.mss|system||

TRACE::2026-06-04.20:24:43::SCWMssOS::Sw design exists and opened at  E:/XilinxProject/IO_exp/IO_exp2.sw/mb_basic_io/microblaze_0/standalone_domain/bsp/system.mss
TRACE::2026-06-04.20:24:43::SCWMssOS::Completed writing the mss file at E:/XilinxProject/IO_exp/IO_exp2.sw/mb_basic_io/microblaze_0/standalone_domain/bsp
TRACE::2026-06-04.20:24:43::SCWMssOS::Mss edits present, copying mssfile into export location E:/XilinxProject/IO_exp/IO_exp2.sw/mb_basic_io/microblaze_0/standalone_domain/bsp/system.mss
TRACE::2026-06-04.20:24:43::SCWMssOS::bsp generated is upto date with the mss file. Skipping bsp generation.
TRACE::2026-06-04.20:24:43::SCWMssOS::BSP is already built. skipping the bsp build ... 
TRACE::2026-06-04.20:24:43::SCWDomain::Building the domain as part of full build :  standalone_domain
TRACE::2026-06-04.20:24:43::SCWMssOS::doing bsp build ... 
TRACE::2026-06-04.20:24:43::SCWMssOS::System Command Ran  E: & cd  E:/XilinxProject/IO_exp/IO_exp2.sw/mb_basic_io/microblaze_0/standalone_domain/bsp & make 
TRACE::2026-06-04.20:24:43::SCWMssOS::make --no-print-directory seq_libs

TRACE::2026-06-04.20:24:43::SCWMssOS::'Finished building libraries sequentially.'

TRACE::2026-06-04.20:24:43::SCWMssOS::make -j 16 --no-print-directory par_libs

TRACE::2026-06-04.20:24:43::SCWMssOS::"Running Make include in microblaze_0/libsrc/bram_v4_7/src"

TRACE::2026-06-04.20:24:43::SCWMssOS::make -C microblaze_0/libsrc/bram_v4_7/src -s include  "SHELL=CMD" "COMPILER=mb-gcc" "ASSEMBLER=mb-as" "ARCHIVER=mb-ar" "COMPILE
TRACE::2026-06-04.20:24:43::SCWMssOS::R_FLAGS=  -O2 -c -mcpu=v11.0 -mlittle-endian -mxl-soft-mul" "EXTRA_COMPILER_FLAGS=-g -ffunction-sections -fdata-sections -Wall 
TRACE::2026-06-04.20:24:43::SCWMssOS::-Wextra -fno-tree-loop-distribute-patterns"

TRACE::2026-06-04.20:24:43::SCWMssOS::"Running Make include in microblaze_0/libsrc/cpu_v2_14/src"

TRACE::2026-06-04.20:24:44::SCWMssOS::make -C microblaze_0/libsrc/cpu_v2_14/src -s include  "SHELL=CMD" "COMPILER=mb-gcc" "ASSEMBLER=mb-as" "ARCHIVER=mb-ar" "COMPILE
TRACE::2026-06-04.20:24:44::SCWMssOS::R_FLAGS=  -O2 -c -mcpu=v11.0 -mlittle-endian -mxl-soft-mul" "EXTRA_COMPILER_FLAGS=-g -ffunction-sections -fdata-sections -Wall 
TRACE::2026-06-04.20:24:44::SCWMssOS::-Wextra -fno-tree-loop-distribute-patterns"

TRACE::2026-06-04.20:24:44::SCWMssOS::"Running Make include in microblaze_0/libsrc/gpio_v4_8/src"

TRACE::2026-06-04.20:24:44::SCWMssOS::make -C microblaze_0/libsrc/gpio_v4_8/src -s include  "SHELL=CMD" "COMPILER=mb-gcc" "ASSEMBLER=mb-as" "ARCHIVER=mb-ar" "COMPILE
TRACE::2026-06-04.20:24:44::SCWMssOS::R_FLAGS=  -O2 -c -mcpu=v11.0 -mlittle-endian -mxl-soft-mul" "EXTRA_COMPILER_FLAGS=-g -ffunction-sections -fdata-sections -Wall 
TRACE::2026-06-04.20:24:44::SCWMssOS::-Wextra -fno-tree-loop-distribute-patterns"

TRACE::2026-06-04.20:24:44::SCWMssOS::"Running Make include in microblaze_0/libsrc/intc_v3_13/src"

TRACE::2026-06-04.20:24:44::SCWMssOS::make -C microblaze_0/libsrc/intc_v3_13/src -s include  "SHELL=CMD" "COMPILER=mb-gcc" "ASSEMBLER=mb-as" "ARCHIVER=mb-ar" "COMPIL
TRACE::2026-06-04.20:24:44::SCWMssOS::ER_FLAGS=  -O2 -c -mcpu=v11.0 -mlittle-endian -mxl-soft-mul" "EXTRA_COMPILER_FLAGS=-g -ffunction-sections -fdata-sections -Wall
TRACE::2026-06-04.20:24:44::SCWMssOS:: -Wextra -fno-tree-loop-distribute-patterns"

TRACE::2026-06-04.20:24:44::SCWMssOS::"Running Make include in microblaze_0/libsrc/spi_v4_8/src"

TRACE::2026-06-04.20:24:44::SCWMssOS::make -C microblaze_0/libsrc/spi_v4_8/src -s include  "SHELL=CMD" "COMPILER=mb-gcc" "ASSEMBLER=mb-as" "ARCHIVER=mb-ar" "COMPILER
TRACE::2026-06-04.20:24:44::SCWMssOS::_FLAGS=  -O2 -c -mcpu=v11.0 -mlittle-endian -mxl-soft-mul" "EXTRA_COMPILER_FLAGS=-g -ffunction-sections -fdata-sections -Wall -
TRACE::2026-06-04.20:24:44::SCWMssOS::Wextra -fno-tree-loop-distribute-patterns"

TRACE::2026-06-04.20:24:44::SCWMssOS::"Running Make include in microblaze_0/libsrc/standalone_v7_6/src"

TRACE::2026-06-04.20:24:44::SCWMssOS::make -C microblaze_0/libsrc/standalone_v7_6/src -s include  "SHELL=CMD" "COMPILER=mb-gcc" "ASSEMBLER=mb-as" "ARCHIVER=mb-ar" "C
TRACE::2026-06-04.20:24:44::SCWMssOS::OMPILER_FLAGS=  -O2 -c -mcpu=v11.0 -mlittle-endian -mxl-soft-mul" "EXTRA_COMPILER_FLAGS=-g -ffunction-sections -fdata-sections 
TRACE::2026-06-04.20:24:44::SCWMssOS::-Wall -Wextra -fno-tree-loop-distribute-patterns"

TRACE::2026-06-04.20:24:44::SCWMssOS::"Running Make include in microblaze_0/libsrc/tmrctr_v4_8/src"

TRACE::2026-06-04.20:24:44::SCWMssOS::make -C microblaze_0/libsrc/tmrctr_v4_8/src -s include  "SHELL=CMD" "COMPILER=mb-gcc" "ASSEMBLER=mb-as" "ARCHIVER=mb-ar" "COMPI
TRACE::2026-06-04.20:24:44::SCWMssOS::LER_FLAGS=  -O2 -c -mcpu=v11.0 -mlittle-endian -mxl-soft-mul" "EXTRA_COMPILER_FLAGS=-g -ffunction-sections -fdata-sections -Wal
TRACE::2026-06-04.20:24:44::SCWMssOS::l -Wextra -fno-tree-loop-distribute-patterns"

TRACE::2026-06-04.20:24:44::SCWMssOS::"Running Make include in microblaze_0/libsrc/uartlite_v3_6/src"

TRACE::2026-06-04.20:24:44::SCWMssOS::make -C microblaze_0/libsrc/uartlite_v3_6/src -s include  "SHELL=CMD" "COMPILER=mb-gcc" "ASSEMBLER=mb-as" "ARCHIVER=mb-ar" "COM
TRACE::2026-06-04.20:24:44::SCWMssOS::PILER_FLAGS=  -O2 -c -mcpu=v11.0 -mlittle-endian -mxl-soft-mul" "EXTRA_COMPILER_FLAGS=-g -ffunction-sections -fdata-sections -W
TRACE::2026-06-04.20:24:44::SCWMssOS::all -Wextra -fno-tree-loop-distribute-patterns"

TRACE::2026-06-04.20:24:44::SCWMssOS::"Running Make libs in microblaze_0/libsrc/bram_v4_7/src"

TRACE::2026-06-04.20:24:44::SCWMssOS::make -C microblaze_0/libsrc/bram_v4_7/src -s libs  "SHELL=CMD" "COMPILER=mb-gcc" "ASSEMBLER=mb-as" "ARCHIVER=mb-ar" "COMPILER_F
TRACE::2026-06-04.20:24:44::SCWMssOS::LAGS=  -O2 -c -mcpu=v11.0 -mlittle-endian -mxl-soft-mul" "EXTRA_COMPILER_FLAGS=-g -ffunction-sections -fdata-sections -Wall -We
TRACE::2026-06-04.20:24:44::SCWMssOS::xtra -fno-tree-loop-distribute-patterns"

TRACE::2026-06-04.20:24:44::SCWMssOS::"Running Make libs in microblaze_0/libsrc/cpu_v2_14/src"

TRACE::2026-06-04.20:24:44::SCWMssOS::make -C microblaze_0/libsrc/cpu_v2_14/src -s libs  "SHELL=CMD" "COMPILER=mb-gcc" "ASSEMBLER=mb-as" "ARCHIVER=mb-ar" "COMPILER_F
TRACE::2026-06-04.20:24:44::SCWMssOS::LAGS=  -O2 -c -mcpu=v11.0 -mlittle-endian -mxl-soft-mul" "EXTRA_COMPILER_FLAGS=-g -ffunction-sections -fdata-sections -Wall -We
TRACE::2026-06-04.20:24:44::SCWMssOS::xtra -fno-tree-loop-distribute-patterns"

TRACE::2026-06-04.20:24:44::SCWMssOS::"Running Make libs in microblaze_0/libsrc/gpio_v4_8/src"

TRACE::2026-06-04.20:24:44::SCWMssOS::make -C microblaze_0/libsrc/gpio_v4_8/src -s libs  "SHELL=CMD" "COMPILER=mb-gcc" "ASSEMBLER=mb-as" "ARCHIVER=mb-ar" "COMPILER_F
TRACE::2026-06-04.20:24:44::SCWMssOS::LAGS=  -O2 -c -mcpu=v11.0 -mlittle-endian -mxl-soft-mul" "EXTRA_COMPILER_FLAGS=-g -ffunction-sections -fdata-sections -Wall -We
TRACE::2026-06-04.20:24:44::SCWMssOS::xtra -fno-tree-loop-distribute-patterns"

TRACE::2026-06-04.20:24:44::SCWMssOS::"Running Make libs in microblaze_0/libsrc/intc_v3_13/src"

TRACE::2026-06-04.20:24:44::SCWMssOS::make -C microblaze_0/libsrc/intc_v3_13/src -s libs  "SHELL=CMD" "COMPILER=mb-gcc" "ASSEMBLER=mb-as" "ARCHIVER=mb-ar" "COMPILER_
TRACE::2026-06-04.20:24:44::SCWMssOS::FLAGS=  -O2 -c -mcpu=v11.0 -mlittle-endian -mxl-soft-mul" "EXTRA_COMPILER_FLAGS=-g -ffunction-sections -fdata-sections -Wall -W
TRACE::2026-06-04.20:24:44::SCWMssOS::extra -fno-tree-loop-distribute-patterns"

TRACE::2026-06-04.20:24:44::SCWMssOS::"Running Make libs in microblaze_0/libsrc/spi_v4_8/src"

TRACE::2026-06-04.20:24:45::SCWMssOS::make -C microblaze_0/libsrc/spi_v4_8/src -s libs  "SHELL=CMD" "COMPILER=mb-gcc" "ASSEMBLER=mb-as" "ARCHIVER=mb-ar" "COMPILER_FL
TRACE::2026-06-04.20:24:45::SCWMssOS::AGS=  -O2 -c -mcpu=v11.0 -mlittle-endian -mxl-soft-mul" "EXTRA_COMPILER_FLAGS=-g -ffunction-sections -fdata-sections -Wall -Wex
TRACE::2026-06-04.20:24:45::SCWMssOS::tra -fno-tree-loop-distribute-patterns"

TRACE::2026-06-04.20:24:45::SCWMssOS::"Running Make libs in microblaze_0/libsrc/standalone_v7_6/src"

TRACE::2026-06-04.20:24:45::SCWMssOS::make -C microblaze_0/libsrc/standalone_v7_6/src -s libs  "SHELL=CMD" "COMPILER=mb-gcc" "ASSEMBLER=mb-as" "ARCHIVER=mb-ar" "COMP
TRACE::2026-06-04.20:24:45::SCWMssOS::ILER_FLAGS=  -O2 -c -mcpu=v11.0 -mlittle-endian -mxl-soft-mul" "EXTRA_COMPILER_FLAGS=-g -ffunction-sections -fdata-sections -Wa
TRACE::2026-06-04.20:24:45::SCWMssOS::ll -Wextra -fno-tree-loop-distribute-patterns"

TRACE::2026-06-04.20:24:45::SCWMssOS::"Running Make libs in microblaze_0/libsrc/tmrctr_v4_8/src"

TRACE::2026-06-04.20:24:45::SCWMssOS::make -C microblaze_0/libsrc/tmrctr_v4_8/src -s libs  "SHELL=CMD" "COMPILER=mb-gcc" "ASSEMBLER=mb-as" "ARCHIVER=mb-ar" "COMPILER
TRACE::2026-06-04.20:24:45::SCWMssOS::_FLAGS=  -O2 -c -mcpu=v11.0 -mlittle-endian -mxl-soft-mul" "EXTRA_COMPILER_FLAGS=-g -ffunction-sections -fdata-sections -Wall -
TRACE::2026-06-04.20:24:45::SCWMssOS::Wextra -fno-tree-loop-distribute-patterns"

TRACE::2026-06-04.20:24:45::SCWMssOS::"Running Make libs in microblaze_0/libsrc/uartlite_v3_6/src"

TRACE::2026-06-04.20:24:45::SCWMssOS::make -C microblaze_0/libsrc/uartlite_v3_6/src -s libs  "SHELL=CMD" "COMPILER=mb-gcc" "ASSEMBLER=mb-as" "ARCHIVER=mb-ar" "COMPIL
TRACE::2026-06-04.20:24:45::SCWMssOS::ER_FLAGS=  -O2 -c -mcpu=v11.0 -mlittle-endian -mxl-soft-mul" "EXTRA_COMPILER_FLAGS=-g -ffunction-sections -fdata-sections -Wall
TRACE::2026-06-04.20:24:45::SCWMssOS:: -Wextra -fno-tree-loop-distribute-patterns"

TRACE::2026-06-04.20:24:47::SCWMssOS::"DEBUG NON_LTO_OBJECTS is ../../../lib/microblaze_interrupt_handler.o"

TRACE::2026-06-04.20:24:47::SCWMssOS::'Finished building libraries parallelly.'

TRACE::2026-06-04.20:24:47::SCWMssOS::make --no-print-directory archive

TRACE::2026-06-04.20:24:47::SCWMssOS::mb-ar -r  microblaze_0/lib/libxil.a microblaze_0/lib/xplatform_info.o microblaze_0/lib/xuartlite.o microblaze_0/lib/microblaze_
TRACE::2026-06-04.20:24:47::SCWMssOS::disable_exceptions.o microblaze_0/lib/print.o microblaze_0/lib/xtmrctr_options.o microblaze_0/lib/_exit.o microblaze_0/lib/xil_
TRACE::2026-06-04.20:24:47::SCWMssOS::testio.o microblaze_0/lib/microblaze_disable_dcache.o microblaze_0/lib/microblaze_flush_dcache_range.o microblaze_0/lib/xspi_g.
TRACE::2026-06-04.20:24:47::SCWMssOS::o microblaze_0/lib/microblaze_flush_cache_ext.o microblaze_0/lib/xbram_sinit.o microblaze_0/lib/xspi_sinit.o microblaze_0/lib/x
TRACE::2026-06-04.20:24:47::SCWMssOS::il_misc_psreset_api.o microblaze_0/lib/xspi_selftest.o microblaze_0/lib/xil_cache.o microblaze_0/lib/xil_util.o microblaze_0/li
TRACE::2026-06-04.20:24:47::SCWMssOS::b/inbyte.o microblaze_0/lib/microblaze_exception_handler.o microblaze_0/lib/xbram_g.o microblaze_0/lib/microblaze_scrub.o micro
TRACE::2026-06-04.20:24:47::SCWMssOS::blaze_0/lib/microblaze_invalidate_dcache.o microblaze_0/lib/microblaze_disable_interrupts.o microblaze_0/lib/xbram_selftest.o m
TRACE::2026-06-04.20:24:47::SCWMssOS::icroblaze_0/lib/microblaze_interrupt_handler.o microblaze_0/lib/microblaze_disable_icache.o microblaze_0/lib/xuartlite_sinit.o 
TRACE::2026-06-04.20:24:47::SCWMssOS::microblaze_0/lib/xgpio_g.o microblaze_0/lib/xil_mem.o microblaze_0/lib/xspi_stats.o microblaze_0/lib/microblaze_flush_cache_ext
TRACE::2026-06-04.20:24:47::SCWMssOS::_range.o microblaze_0/lib/xtmrctr_intr.o microblaze_0/lib/xbram_intr.o microblaze_0/lib/xil_sleepcommon.o microblaze_0/lib/xil_
TRACE::2026-06-04.20:24:47::SCWMssOS::printf.o microblaze_0/lib/xintc_g.o microblaze_0/lib/xuartlite_g.o microblaze_0/lib/xtmrctr_l.o microblaze_0/lib/xintc_selftest
TRACE::2026-06-04.20:24:47::SCWMssOS::.o microblaze_0/lib/xintc_l.o microblaze_0/lib/outbyte.o microblaze_0/lib/xgpio_intr.o microblaze_0/lib/microblaze_invalidate_d
TRACE::2026-06-04.20:24:47::SCWMssOS::cache_range.o microblaze_0/lib/microblaze_invalidate_cache_ext.o microblaze_0/lib/microblaze_sleep.o microblaze_0/lib/hw_except
TRACE::2026-06-04.20:24:47::SCWMssOS::ion_handler.o microblaze_0/lib/xtmrctr.o microblaze_0/lib/xuartlite_selftest.o microblaze_0/lib/xgpio_sinit.o microblaze_0/lib/
TRACE::2026-06-04.20:24:47::SCWMssOS::microblaze_update_dcache.o microblaze_0/lib/xil_testcache.o microblaze_0/lib/microblaze_selftest.o microblaze_0/lib/microblaze_
TRACE::2026-06-04.20:24:47::SCWMssOS::interrupts_g.o microblaze_0/lib/microblaze_enable_exceptions.o microblaze_0/lib/xio.o microblaze_0/lib/xtmrctr_g.o microblaze_0
TRACE::2026-06-04.20:24:47::SCWMssOS::/lib/microblaze_enable_dcache.o microblaze_0/lib/xbram.o microblaze_0/lib/microblaze_invalidate_icache_range.o microblaze_0/lib
TRACE::2026-06-04.20:24:47::SCWMssOS::/xtmrctr_selftest.o microblaze_0/lib/microblaze_init_dcache_range.o microblaze_0/lib/microblaze_invalidate_icache.o microblaze_
TRACE::2026-06-04.20:24:47::SCWMssOS::0/lib/xspi_options.o microblaze_0/lib/errno.o microblaze_0/lib/xuartlite_l.o microblaze_0/lib/xintc_options.o microblaze_0/lib/
TRACE::2026-06-04.20:24:47::SCWMssOS::xuartlite_stats.o microblaze_0/lib/microblaze_invalidate_cache_ext_range.o microblaze_0/lib/xintc_intr.o microblaze_0/lib/xil_e
TRACE::2026-06-04.20:24:47::SCWMssOS::xception.o microblaze_0/lib/pvr.o microblaze_0/lib/xgpio.o microblaze_0/lib/xil_testmem.o microblaze_0/lib/microblaze_update_ic
TRACE::2026-06-04.20:24:47::SCWMssOS::ache.o microblaze_0/lib/xuartlite_intr.o microblaze_0/lib/microblaze_flush_dcache.o microblaze_0/lib/xil_clocking.o microblaze_
TRACE::2026-06-04.20:24:47::SCWMssOS::0/lib/xil_assert.o microblaze_0/lib/microblaze_enable_interrupts.o microblaze_0/lib/xgpio_extra.o microblaze_0/lib/xspi.o micro
TRACE::2026-06-04.20:24:47::SCWMssOS::blaze_0/lib/microblaze_enable_icache.o microblaze_0/lib/xintc.o microblaze_0/lib/xtmrctr_stats.o microblaze_0/lib/microblaze_in
TRACE::2026-06-04.20:24:47::SCWMssOS::it_icache_range.o microblaze_0/lib/xtmrctr_sinit.o microblaze_0/lib/fcntl.o microblaze_0/lib/xgpio_selftest.o

TRACE::2026-06-04.20:24:47::SCWMssOS::'Finished building libraries'

TRACE::2026-06-04.20:24:48::SCWMssOS::Copying to export directory.
TRACE::2026-06-04.20:24:48::SCWMssOS:: Checking if to create the Supporting Applications
TRACE::2026-06-04.20:24:48::SCWMssOS:: No Linux domain exists, trying to generate FSBL 
LOG::2026-06-04.20:24:48::SCWSystem::Completed Processing the domain standalone_domain
LOG::2026-06-04.20:24:48::SCWSystem::Completed Processing the sysconfig mb_basic_io
LOG::2026-06-04.20:24:48::SCWPlatform::Completed generating the artifacts for system configuration mb_basic_io
TRACE::2026-06-04.20:24:48::SCWPlatform::Started preparing the platform 
TRACE::2026-06-04.20:24:48::SCWSystem::Writing the bif file for system config mb_basic_io
TRACE::2026-06-04.20:24:48::SCWSystem::dir created 
TRACE::2026-06-04.20:24:48::SCWSystem::Writing the bif 
TRACE::2026-06-04.20:24:48::SCWPlatform::Started writing the spfm file 
TRACE::2026-06-04.20:24:48::SCWPlatform::Started writing the xpfm file 
TRACE::2026-06-04.20:24:48::SCWPlatform::Completed generating the platform
TRACE::2026-06-04.20:24:48::SCWMssOS::Saving the mss changes E:/XilinxProject/IO_exp/IO_exp2.sw/mb_basic_io/microblaze_0/standalone_domain/bsp/system.mss
TRACE::2026-06-04.20:24:48::SCWMssOS::Found a swdesign opened with the mssfile.
TRACE::2026-06-04.20:24:48::SCWMssOS::Completed writemss as part of save.
TRACE::2026-06-04.20:24:48::SCWMssOS::Commit changes completed.
TRACE::2026-06-04.20:24:48::SCWPlatform::Trying to open the hw design at E:/XilinxProject/IO_exp/IO_exp2.sw/mb_basic_io/hw/design_1_wrapper.xsa
TRACE::2026-06-04.20:24:48::SCWPlatform::DSA given E:/XilinxProject/IO_exp/IO_exp2.sw/mb_basic_io/hw/design_1_wrapper.xsa
TRACE::2026-06-04.20:24:48::SCWPlatform::DSA absoulate path E:/XilinxProject/IO_exp/IO_exp2.sw/mb_basic_io/hw/design_1_wrapper.xsa
TRACE::2026-06-04.20:24:48::SCWPlatform::DSA directory E:/XilinxProject/IO_exp/IO_exp2.sw/mb_basic_io/hw
TRACE::2026-06-04.20:24:48::SCWPlatform:: Platform Path E:/XilinxProject/IO_exp/IO_exp2.sw/mb_basic_io/hw/design_1_wrapper.xsa
TRACE::2026-06-04.20:24:48::SCWPlatform:: Unique name xilinx:nexys4_ddr::0.0
TRACE::2026-06-04.20:24:48::SCWPlatform::Trying to set the existing hwdb with name design_1_wrapper_6
TRACE::2026-06-04.20:24:48::SCWPlatform::Opened existing hwdb design_1_wrapper_6
TRACE::2026-06-04.20:24:48::SCWPlatform::Found the Hw Db part of the input DSA
TRACE::2026-06-04.20:24:48::SCWMssOS::Checking the sw design at  E:/XilinxProject/IO_exp/IO_exp2.sw/mb_basic_io/microblaze_0/standalone_domain/bsp/system.mss
TRACE::2026-06-04.20:24:48::SCWMssOS::DEBUG:  swdes dump  E:/XilinxProject/IO_exp/IO_exp2.sw/mb_basic_io/microblaze_0/standalone_domain/bsp/system.mss|system||

TRACE::2026-06-04.20:24:48::SCWMssOS::Sw design exists and opened at  E:/XilinxProject/IO_exp/IO_exp2.sw/mb_basic_io/microblaze_0/standalone_domain/bsp/system.mss
TRACE::2026-06-04.20:24:48::SCWWriter::formatted JSON is {
	"platformName":	"mb_basic_io",
	"sprVersion":	"2.0",
	"mode":	"gui",
	"dsaType":	"Fixed",
	"platformDesc":	"mb_basic_io",
	"platHandOff":	"E:/XilinxProject/IO_exp/design_1_wrapper.xsa",
	"platIntHandOff":	"<platformDir>/hw/design_1_wrapper.xsa",
	"deviceType":	"FPGA",
	"platIsPrebuiltAutogen":	"false",
	"platIsNoBootBsp":	"false",
	"hasFsblMakeHasChanges":	"false",
	"hasPmufwMakeHasChanges":	"false",
	"platPreBuiltFlag":	false,
	"platformSamplesDir":	"",
	"platActiveSys":	"mb_basic_io",
	"systems":	[{
			"systemName":	"mb_basic_io",
			"systemDesc":	"mb_basic_io",
			"sysIsBootAutoGen":	"true",
			"systemDispName":	"mb_basic_io",
			"sysActiveDom":	"standalone_domain",
			"sysDefaultDom":	"standalone_domain",
			"domains":	[{
					"domainName":	"standalone_domain",
					"domainDispName":	"standalone on microblaze_0",
					"domainDesc":	"standalone_domain",
					"processors":	"microblaze_0",
					"os":	"standalone",
					"sdxOs":	"standalone",
					"debugEnable":	"False",
					"domRuntimes":	["cpp"],
					"swRepo":	"",
					"mssOsVer":	"7.6",
					"mssFile":	"",
					"md5Digest":	"f3846bf43104bdbfe064a20c4a3cdccd",
					"compatibleApp":	"",
					"domType":	"mssDomain",
					"arch":	"32-bit",
					"appSettings":	{
						"appCompilerFlags":	"",
						"appLinkerFlags":	""
					},
					"addedLibs":	[],
					"libOptions":	{
						"libsContainingOptions":	[]
					},
					"prebuiltLibs":	{
						"prebuiltIncPath":	[],
						"prebuiltLibPath":	[]
					},
					"isolation":	{
					}
				}]
		}]
}
KEYINFO::2026-06-04.20:24:48::SCWPlatform::updated the xpfm file.
TRACE::2026-06-04.20:24:48::SCWPlatform::Trying to open the hw design at E:/XilinxProject/IO_exp/IO_exp2.sw/mb_basic_io/hw/design_1_wrapper.xsa
TRACE::2026-06-04.20:24:48::SCWPlatform::DSA given E:/XilinxProject/IO_exp/IO_exp2.sw/mb_basic_io/hw/design_1_wrapper.xsa
TRACE::2026-06-04.20:24:48::SCWPlatform::DSA absoulate path E:/XilinxProject/IO_exp/IO_exp2.sw/mb_basic_io/hw/design_1_wrapper.xsa
TRACE::2026-06-04.20:24:48::SCWPlatform::DSA directory E:/XilinxProject/IO_exp/IO_exp2.sw/mb_basic_io/hw
TRACE::2026-06-04.20:24:48::SCWPlatform:: Platform Path E:/XilinxProject/IO_exp/IO_exp2.sw/mb_basic_io/hw/design_1_wrapper.xsa
TRACE::2026-06-04.20:24:48::SCWPlatform:: Unique name xilinx:nexys4_ddr::0.0
TRACE::2026-06-04.20:24:48::SCWPlatform::Trying to set the existing hwdb with name design_1_wrapper_6
TRACE::2026-06-04.20:24:48::SCWPlatform::Opened existing hwdb design_1_wrapper_6
TRACE::2026-06-04.20:24:48::SCWPlatform::Found the Hw Db part of the input DSA
TRACE::2026-06-04.20:24:48::SCWMssOS::Checking the sw design at  E:/XilinxProject/IO_exp/IO_exp2.sw/mb_basic_io/microblaze_0/standalone_domain/bsp/system.mss
TRACE::2026-06-04.20:24:48::SCWMssOS::DEBUG:  swdes dump  E:/XilinxProject/IO_exp/IO_exp2.sw/mb_basic_io/microblaze_0/standalone_domain/bsp/system.mss|system||

TRACE::2026-06-04.20:24:48::SCWMssOS::Sw design exists and opened at  E:/XilinxProject/IO_exp/IO_exp2.sw/mb_basic_io/microblaze_0/standalone_domain/bsp/system.mss
TRACE::2026-06-04.22:27:50::SCWPlatform::Trying to open the hw design at E:/XilinxProject/IO_exp/IO_exp2.sw/mb_basic_io/hw/design_1_wrapper.xsa
TRACE::2026-06-04.22:27:50::SCWPlatform::DSA given E:/XilinxProject/IO_exp/IO_exp2.sw/mb_basic_io/hw/design_1_wrapper.xsa
TRACE::2026-06-04.22:27:50::SCWPlatform::DSA absoulate path E:/XilinxProject/IO_exp/IO_exp2.sw/mb_basic_io/hw/design_1_wrapper.xsa
TRACE::2026-06-04.22:27:50::SCWPlatform::DSA directory E:/XilinxProject/IO_exp/IO_exp2.sw/mb_basic_io/hw
TRACE::2026-06-04.22:27:50::SCWPlatform:: Platform Path E:/XilinxProject/IO_exp/IO_exp2.sw/mb_basic_io/hw/design_1_wrapper.xsa
TRACE::2026-06-04.22:27:50::SCWPlatform:: Unique name xilinx:nexys4_ddr::0.0
TRACE::2026-06-04.22:27:50::SCWPlatform::Do not have an existing db opened. 
TRACE::2026-06-04.22:27:56::SCWPlatform::Opened new HwDB with name design_1_wrapper
TRACE::2026-06-04.22:27:56::SCWReader::Active system found as  mb_basic_io
TRACE::2026-06-04.22:27:56::SCWReader::Handling sysconfig mb_basic_io
TRACE::2026-06-04.22:27:56::SCWDomain::checking for install qemu data   : 
TRACE::2026-06-04.22:27:56::SCWPlatform::Trying to open the hw design at E:/XilinxProject/IO_exp/IO_exp2.sw/mb_basic_io/hw/design_1_wrapper.xsa
TRACE::2026-06-04.22:27:56::SCWPlatform::DSA given E:/XilinxProject/IO_exp/IO_exp2.sw/mb_basic_io/hw/design_1_wrapper.xsa
TRACE::2026-06-04.22:27:56::SCWPlatform::DSA absoulate path E:/XilinxProject/IO_exp/IO_exp2.sw/mb_basic_io/hw/design_1_wrapper.xsa
TRACE::2026-06-04.22:27:56::SCWPlatform::DSA directory E:/XilinxProject/IO_exp/IO_exp2.sw/mb_basic_io/hw
TRACE::2026-06-04.22:27:56::SCWPlatform:: Platform Path E:/XilinxProject/IO_exp/IO_exp2.sw/mb_basic_io/hw/design_1_wrapper.xsa
TRACE::2026-06-04.22:27:56::SCWPlatform:: Unique name xilinx:nexys4_ddr::0.0
TRACE::2026-06-04.22:27:56::SCWPlatform::Trying to set the existing hwdb with name design_1_wrapper
TRACE::2026-06-04.22:27:56::SCWPlatform::Opened existing hwdb design_1_wrapper
TRACE::2026-06-04.22:27:56::SCWPlatform::Found the Hw Db part of the input DSA
TRACE::2026-06-04.22:27:56::SCWPlatform::Trying to open the hw design at E:/XilinxProject/IO_exp/IO_exp2.sw/mb_basic_io/hw/design_1_wrapper.xsa
TRACE::2026-06-04.22:27:56::SCWPlatform::DSA given E:/XilinxProject/IO_exp/IO_exp2.sw/mb_basic_io/hw/design_1_wrapper.xsa
TRACE::2026-06-04.22:27:56::SCWPlatform::DSA absoulate path E:/XilinxProject/IO_exp/IO_exp2.sw/mb_basic_io/hw/design_1_wrapper.xsa
TRACE::2026-06-04.22:27:56::SCWPlatform::DSA directory E:/XilinxProject/IO_exp/IO_exp2.sw/mb_basic_io/hw
TRACE::2026-06-04.22:27:56::SCWPlatform:: Platform Path E:/XilinxProject/IO_exp/IO_exp2.sw/mb_basic_io/hw/design_1_wrapper.xsa
TRACE::2026-06-04.22:27:56::SCWPlatform:: Unique name xilinx:nexys4_ddr::0.0
TRACE::2026-06-04.22:27:56::SCWPlatform::Trying to set the existing hwdb with name design_1_wrapper
TRACE::2026-06-04.22:27:56::SCWPlatform::Opened existing hwdb design_1_wrapper
TRACE::2026-06-04.22:27:56::SCWPlatform::Found the Hw Db part of the input DSA
TRACE::2026-06-04.22:27:56::SCWPlatform::Trying to open the hw design at E:/XilinxProject/IO_exp/IO_exp2.sw/mb_basic_io/hw/design_1_wrapper.xsa
TRACE::2026-06-04.22:27:56::SCWPlatform::DSA given E:/XilinxProject/IO_exp/IO_exp2.sw/mb_basic_io/hw/design_1_wrapper.xsa
TRACE::2026-06-04.22:27:56::SCWPlatform::DSA absoulate path E:/XilinxProject/IO_exp/IO_exp2.sw/mb_basic_io/hw/design_1_wrapper.xsa
TRACE::2026-06-04.22:27:56::SCWPlatform::DSA directory E:/XilinxProject/IO_exp/IO_exp2.sw/mb_basic_io/hw
TRACE::2026-06-04.22:27:56::SCWPlatform:: Platform Path E:/XilinxProject/IO_exp/IO_exp2.sw/mb_basic_io/hw/design_1_wrapper.xsa
TRACE::2026-06-04.22:27:56::SCWPlatform:: Unique name xilinx:nexys4_ddr::0.0
TRACE::2026-06-04.22:27:56::SCWPlatform::Trying to set the existing hwdb with name design_1_wrapper
TRACE::2026-06-04.22:27:56::SCWPlatform::Opened existing hwdb design_1_wrapper
TRACE::2026-06-04.22:27:56::SCWPlatform::Found the Hw Db part of the input DSA
TRACE::2026-06-04.22:27:56::SCWPlatform::Trying to open the hw design at E:/XilinxProject/IO_exp/IO_exp2.sw/mb_basic_io/hw/design_1_wrapper.xsa
TRACE::2026-06-04.22:27:56::SCWPlatform::DSA given E:/XilinxProject/IO_exp/IO_exp2.sw/mb_basic_io/hw/design_1_wrapper.xsa
TRACE::2026-06-04.22:27:56::SCWPlatform::DSA absoulate path E:/XilinxProject/IO_exp/IO_exp2.sw/mb_basic_io/hw/design_1_wrapper.xsa
TRACE::2026-06-04.22:27:56::SCWPlatform::DSA directory E:/XilinxProject/IO_exp/IO_exp2.sw/mb_basic_io/hw
TRACE::2026-06-04.22:27:56::SCWPlatform:: Platform Path E:/XilinxProject/IO_exp/IO_exp2.sw/mb_basic_io/hw/design_1_wrapper.xsa
TRACE::2026-06-04.22:27:56::SCWPlatform:: Unique name xilinx:nexys4_ddr::0.0
TRACE::2026-06-04.22:27:56::SCWPlatform::Trying to set the existing hwdb with name design_1_wrapper
TRACE::2026-06-04.22:27:56::SCWPlatform::Opened existing hwdb design_1_wrapper
TRACE::2026-06-04.22:27:56::SCWPlatform::Found the Hw Db part of the input DSA
TRACE::2026-06-04.22:27:56::SCWMssOS::Checking the sw design at  E:/XilinxProject/IO_exp/IO_exp2.sw/mb_basic_io/microblaze_0/standalone_domain/bsp/system.mss
TRACE::2026-06-04.22:27:56::SCWMssOS::DEBUG:  swdes dump  
TRACE::2026-06-04.22:27:56::SCWMssOS::No sw design opened at  E:/XilinxProject/IO_exp/IO_exp2.sw/mb_basic_io/microblaze_0/standalone_domain/bsp/system.mss
TRACE::2026-06-04.22:27:56::SCWMssOS::mss exists loading the mss file  E:/XilinxProject/IO_exp/IO_exp2.sw/mb_basic_io/microblaze_0/standalone_domain/bsp/system.mss
TRACE::2026-06-04.22:27:56::SCWMssOS::Opened the sw design from mss  E:/XilinxProject/IO_exp/IO_exp2.sw/mb_basic_io/microblaze_0/standalone_domain/bsp/system.mss
TRACE::2026-06-04.22:27:56::SCWMssOS::Adding the swdes entry E:/XilinxProject/IO_exp/IO_exp2.sw/mb_basic_io/microblaze_0/standalone_domain/bsp/system.mss with des name system
TRACE::2026-06-04.22:27:56::SCWMssOS::updating the scw layer about changes
TRACE::2026-06-04.22:27:56::SCWMssOS::Opened the sw design.  E:/XilinxProject/IO_exp/IO_exp2.sw/mb_basic_io/microblaze_0/standalone_domain/bsp/system.mss
TRACE::2026-06-04.22:27:56::SCWMssOS::Saving the mss changes E:/XilinxProject/IO_exp/IO_exp2.sw/mb_basic_io/microblaze_0/standalone_domain/bsp/system.mss
TRACE::2026-06-04.22:27:56::SCWMssOS::Found a swdesign opened with the mssfile.
TRACE::2026-06-04.22:27:56::SCWMssOS::Completed writemss as part of save.
TRACE::2026-06-04.22:27:56::SCWMssOS::Commit changes completed.
TRACE::2026-06-04.22:27:56::SCWReader::Adding prebuilt librarypaths as   
TRACE::2026-06-04.22:27:56::SCWReader::Adding prebuilt incpaths  as   
TRACE::2026-06-04.22:27:56::SCWPlatform::Trying to open the hw design at E:/XilinxProject/IO_exp/IO_exp2.sw/mb_basic_io/hw/design_1_wrapper.xsa
TRACE::2026-06-04.22:27:56::SCWPlatform::DSA given E:/XilinxProject/IO_exp/IO_exp2.sw/mb_basic_io/hw/design_1_wrapper.xsa
TRACE::2026-06-04.22:27:56::SCWPlatform::DSA absoulate path E:/XilinxProject/IO_exp/IO_exp2.sw/mb_basic_io/hw/design_1_wrapper.xsa
TRACE::2026-06-04.22:27:56::SCWPlatform::DSA directory E:/XilinxProject/IO_exp/IO_exp2.sw/mb_basic_io/hw
TRACE::2026-06-04.22:27:56::SCWPlatform:: Platform Path E:/XilinxProject/IO_exp/IO_exp2.sw/mb_basic_io/hw/design_1_wrapper.xsa
TRACE::2026-06-04.22:27:56::SCWPlatform:: Unique name xilinx:nexys4_ddr::0.0
TRACE::2026-06-04.22:27:56::SCWPlatform::Trying to set the existing hwdb with name design_1_wrapper
TRACE::2026-06-04.22:27:56::SCWPlatform::Opened existing hwdb design_1_wrapper
TRACE::2026-06-04.22:27:56::SCWPlatform::Found the Hw Db part of the input DSA
TRACE::2026-06-04.22:27:56::SCWMssOS::Checking the sw design at  E:/XilinxProject/IO_exp/IO_exp2.sw/mb_basic_io/microblaze_0/standalone_domain/bsp/system.mss
TRACE::2026-06-04.22:27:56::SCWMssOS::DEBUG:  swdes dump  E:/XilinxProject/IO_exp/IO_exp2.sw/mb_basic_io/microblaze_0/standalone_domain/bsp/system.mss|system||

TRACE::2026-06-04.22:27:56::SCWMssOS::Sw design exists and opened at  E:/XilinxProject/IO_exp/IO_exp2.sw/mb_basic_io/microblaze_0/standalone_domain/bsp/system.mss
TRACE::2026-06-04.22:27:56::SCWReader::No isolation master present  
LOG::2026-06-04.22:29:54::SCWPlatform::Started generating the artifacts platform mb_basic_io
TRACE::2026-06-04.22:29:54::SCWPlatform::Sanity checking of platform is completed
LOG::2026-06-04.22:29:54::SCWPlatform::Started generating the artifacts for system configuration mb_basic_io
LOG::2026-06-04.22:29:54::SCWSystem::Checking the domain standalone_domain
LOG::2026-06-04.22:29:54::SCWSystem::Not a boot domain 
LOG::2026-06-04.22:29:54::SCWSystem::Started Processing the domain standalone_domain
TRACE::2026-06-04.22:29:54::SCWDomain::Generating domain artifcats
TRACE::2026-06-04.22:29:54::SCWMssOS::Generating standalone artifcats
TRACE::2026-06-04.22:29:54::SCWMssOS:: Copying the user libraries. 
TRACE::2026-06-04.22:29:54::SCWPlatform::Trying to open the hw design at E:/XilinxProject/IO_exp/IO_exp2.sw/mb_basic_io/hw/design_1_wrapper.xsa
TRACE::2026-06-04.22:29:54::SCWPlatform::DSA given E:/XilinxProject/IO_exp/IO_exp2.sw/mb_basic_io/hw/design_1_wrapper.xsa
TRACE::2026-06-04.22:29:54::SCWPlatform::DSA absoulate path E:/XilinxProject/IO_exp/IO_exp2.sw/mb_basic_io/hw/design_1_wrapper.xsa
TRACE::2026-06-04.22:29:54::SCWPlatform::DSA directory E:/XilinxProject/IO_exp/IO_exp2.sw/mb_basic_io/hw
TRACE::2026-06-04.22:29:54::SCWPlatform:: Platform Path E:/XilinxProject/IO_exp/IO_exp2.sw/mb_basic_io/hw/design_1_wrapper.xsa
TRACE::2026-06-04.22:29:54::SCWPlatform:: Unique name xilinx:nexys4_ddr::0.0
TRACE::2026-06-04.22:29:54::SCWPlatform::Trying to set the existing hwdb with name design_1_wrapper
TRACE::2026-06-04.22:29:54::SCWPlatform::Opened existing hwdb design_1_wrapper
TRACE::2026-06-04.22:29:54::SCWPlatform::Found the Hw Db part of the input DSA
TRACE::2026-06-04.22:29:54::SCWMssOS::Checking the sw design at  E:/XilinxProject/IO_exp/IO_exp2.sw/mb_basic_io/microblaze_0/standalone_domain/bsp/system.mss
TRACE::2026-06-04.22:29:54::SCWMssOS::DEBUG:  swdes dump  E:/XilinxProject/IO_exp/IO_exp2.sw/mb_basic_io/microblaze_0/standalone_domain/bsp/system.mss|system||

TRACE::2026-06-04.22:29:54::SCWMssOS::Sw design exists and opened at  E:/XilinxProject/IO_exp/IO_exp2.sw/mb_basic_io/microblaze_0/standalone_domain/bsp/system.mss
TRACE::2026-06-04.22:29:54::SCWMssOS::Completed writing the mss file at E:/XilinxProject/IO_exp/IO_exp2.sw/mb_basic_io/microblaze_0/standalone_domain/bsp
TRACE::2026-06-04.22:29:54::SCWMssOS::Mss edits present, copying mssfile into export location E:/XilinxProject/IO_exp/IO_exp2.sw/mb_basic_io/microblaze_0/standalone_domain/bsp/system.mss
TRACE::2026-06-04.22:29:54::SCWMssOS::bsp generated is upto date with the mss file. Skipping bsp generation.
TRACE::2026-06-04.22:29:54::SCWMssOS::BSP is already built. skipping the bsp build ... 
TRACE::2026-06-04.22:29:54::SCWDomain::Skipping the build for domain :  standalone_domain
TRACE::2026-06-04.22:29:54::SCWMssOS::skipping the bsp build ... 
TRACE::2026-06-04.22:29:54::SCWMssOS::Copying to export directory.
TRACE::2026-06-04.22:29:54::SCWMssOS:: Checking if to create the Supporting Applications
TRACE::2026-06-04.22:29:54::SCWMssOS:: No Linux domain exists, trying to generate FSBL 
LOG::2026-06-04.22:29:54::SCWSystem::Completed Processing the domain standalone_domain
LOG::2026-06-04.22:29:54::SCWSystem::Completed Processing the sysconfig mb_basic_io
LOG::2026-06-04.22:29:54::SCWPlatform::Completed generating the artifacts for system configuration mb_basic_io
TRACE::2026-06-04.22:29:54::SCWPlatform::Started preparing the platform 
TRACE::2026-06-04.22:29:54::SCWSystem::Writing the bif file for system config mb_basic_io
TRACE::2026-06-04.22:29:54::SCWSystem::dir created 
TRACE::2026-06-04.22:29:54::SCWSystem::Writing the bif 
TRACE::2026-06-04.22:29:54::SCWPlatform::Started writing the spfm file 
TRACE::2026-06-04.22:29:54::SCWPlatform::Started writing the xpfm file 
TRACE::2026-06-04.22:29:54::SCWPlatform::Completed generating the platform
TRACE::2026-06-04.22:29:54::SCWMssOS::Saving the mss changes E:/XilinxProject/IO_exp/IO_exp2.sw/mb_basic_io/microblaze_0/standalone_domain/bsp/system.mss
TRACE::2026-06-04.22:29:54::SCWMssOS::Found a swdesign opened with the mssfile.
TRACE::2026-06-04.22:29:54::SCWMssOS::Completed writemss as part of save.
TRACE::2026-06-04.22:29:54::SCWMssOS::Commit changes completed.
TRACE::2026-06-04.22:29:54::SCWPlatform::Trying to open the hw design at E:/XilinxProject/IO_exp/IO_exp2.sw/mb_basic_io/hw/design_1_wrapper.xsa
TRACE::2026-06-04.22:29:54::SCWPlatform::DSA given E:/XilinxProject/IO_exp/IO_exp2.sw/mb_basic_io/hw/design_1_wrapper.xsa
TRACE::2026-06-04.22:29:54::SCWPlatform::DSA absoulate path E:/XilinxProject/IO_exp/IO_exp2.sw/mb_basic_io/hw/design_1_wrapper.xsa
TRACE::2026-06-04.22:29:54::SCWPlatform::DSA directory E:/XilinxProject/IO_exp/IO_exp2.sw/mb_basic_io/hw
TRACE::2026-06-04.22:29:54::SCWPlatform:: Platform Path E:/XilinxProject/IO_exp/IO_exp2.sw/mb_basic_io/hw/design_1_wrapper.xsa
TRACE::2026-06-04.22:29:54::SCWPlatform:: Unique name xilinx:nexys4_ddr::0.0
TRACE::2026-06-04.22:29:54::SCWPlatform::Trying to set the existing hwdb with name design_1_wrapper
TRACE::2026-06-04.22:29:54::SCWPlatform::Opened existing hwdb design_1_wrapper
TRACE::2026-06-04.22:29:54::SCWPlatform::Found the Hw Db part of the input DSA
TRACE::2026-06-04.22:29:54::SCWMssOS::Checking the sw design at  E:/XilinxProject/IO_exp/IO_exp2.sw/mb_basic_io/microblaze_0/standalone_domain/bsp/system.mss
TRACE::2026-06-04.22:29:54::SCWMssOS::DEBUG:  swdes dump  E:/XilinxProject/IO_exp/IO_exp2.sw/mb_basic_io/microblaze_0/standalone_domain/bsp/system.mss|system||

TRACE::2026-06-04.22:29:54::SCWMssOS::Sw design exists and opened at  E:/XilinxProject/IO_exp/IO_exp2.sw/mb_basic_io/microblaze_0/standalone_domain/bsp/system.mss
TRACE::2026-06-04.22:29:54::SCWWriter::formatted JSON is {
	"platformName":	"mb_basic_io",
	"sprVersion":	"2.0",
	"mode":	"gui",
	"dsaType":	"Fixed",
	"platformDesc":	"mb_basic_io",
	"platHandOff":	"E:/XilinxProject/IO_exp/design_1_wrapper.xsa",
	"platIntHandOff":	"<platformDir>/hw/design_1_wrapper.xsa",
	"deviceType":	"FPGA",
	"platIsPrebuiltAutogen":	"false",
	"platIsNoBootBsp":	"false",
	"hasFsblMakeHasChanges":	"false",
	"hasPmufwMakeHasChanges":	"false",
	"platPreBuiltFlag":	false,
	"platformSamplesDir":	"",
	"platActiveSys":	"mb_basic_io",
	"systems":	[{
			"systemName":	"mb_basic_io",
			"systemDesc":	"mb_basic_io",
			"sysIsBootAutoGen":	"true",
			"systemDispName":	"mb_basic_io",
			"sysActiveDom":	"standalone_domain",
			"sysDefaultDom":	"standalone_domain",
			"domains":	[{
					"domainName":	"standalone_domain",
					"domainDispName":	"standalone on microblaze_0",
					"domainDesc":	"standalone_domain",
					"processors":	"microblaze_0",
					"os":	"standalone",
					"sdxOs":	"standalone",
					"debugEnable":	"False",
					"domRuntimes":	["cpp"],
					"swRepo":	"",
					"mssOsVer":	"7.6",
					"mssFile":	"",
					"md5Digest":	"f3846bf43104bdbfe064a20c4a3cdccd",
					"compatibleApp":	"",
					"domType":	"mssDomain",
					"arch":	"32-bit",
					"appSettings":	{
						"appCompilerFlags":	"",
						"appLinkerFlags":	""
					},
					"addedLibs":	[],
					"libOptions":	{
						"libsContainingOptions":	[]
					},
					"prebuiltLibs":	{
						"prebuiltIncPath":	[],
						"prebuiltLibPath":	[]
					},
					"isolation":	{
					}
				}]
		}]
}
KEYINFO::2026-06-04.22:29:54::SCWPlatform::updated the xpfm file.
TRACE::2026-06-04.22:29:54::SCWPlatform::Trying to open the hw design at E:/XilinxProject/IO_exp/IO_exp2.sw/mb_basic_io/hw/design_1_wrapper.xsa
TRACE::2026-06-04.22:29:54::SCWPlatform::DSA given E:/XilinxProject/IO_exp/IO_exp2.sw/mb_basic_io/hw/design_1_wrapper.xsa
TRACE::2026-06-04.22:29:54::SCWPlatform::DSA absoulate path E:/XilinxProject/IO_exp/IO_exp2.sw/mb_basic_io/hw/design_1_wrapper.xsa
TRACE::2026-06-04.22:29:54::SCWPlatform::DSA directory E:/XilinxProject/IO_exp/IO_exp2.sw/mb_basic_io/hw
TRACE::2026-06-04.22:29:54::SCWPlatform:: Platform Path E:/XilinxProject/IO_exp/IO_exp2.sw/mb_basic_io/hw/design_1_wrapper.xsa
TRACE::2026-06-04.22:29:54::SCWPlatform:: Unique name xilinx:nexys4_ddr::0.0
TRACE::2026-06-04.22:29:54::SCWPlatform::Trying to set the existing hwdb with name design_1_wrapper
TRACE::2026-06-04.22:29:54::SCWPlatform::Opened existing hwdb design_1_wrapper
TRACE::2026-06-04.22:29:54::SCWPlatform::Found the Hw Db part of the input DSA
TRACE::2026-06-04.22:29:54::SCWMssOS::Checking the sw design at  E:/XilinxProject/IO_exp/IO_exp2.sw/mb_basic_io/microblaze_0/standalone_domain/bsp/system.mss
TRACE::2026-06-04.22:29:54::SCWMssOS::DEBUG:  swdes dump  E:/XilinxProject/IO_exp/IO_exp2.sw/mb_basic_io/microblaze_0/standalone_domain/bsp/system.mss|system||

TRACE::2026-06-04.22:29:54::SCWMssOS::Sw design exists and opened at  E:/XilinxProject/IO_exp/IO_exp2.sw/mb_basic_io/microblaze_0/standalone_domain/bsp/system.mss
LOG::2026-06-04.22:50:43::SCWPlatform::Started generating the artifacts platform mb_basic_io
TRACE::2026-06-04.22:50:43::SCWPlatform::Sanity checking of platform is completed
LOG::2026-06-04.22:50:43::SCWPlatform::Started generating the artifacts for system configuration mb_basic_io
LOG::2026-06-04.22:50:43::SCWSystem::Checking the domain standalone_domain
LOG::2026-06-04.22:50:43::SCWSystem::Not a boot domain 
LOG::2026-06-04.22:50:43::SCWSystem::Started Processing the domain standalone_domain
TRACE::2026-06-04.22:50:43::SCWDomain::Generating domain artifcats
TRACE::2026-06-04.22:50:43::SCWMssOS::Generating standalone artifcats
TRACE::2026-06-04.22:50:43::SCWMssOS:: Copying the user libraries. 
TRACE::2026-06-04.22:50:43::SCWPlatform::Trying to open the hw design at E:/XilinxProject/IO_exp/IO_exp2.sw/mb_basic_io/hw/design_1_wrapper.xsa
TRACE::2026-06-04.22:50:43::SCWPlatform::DSA given E:/XilinxProject/IO_exp/IO_exp2.sw/mb_basic_io/hw/design_1_wrapper.xsa
TRACE::2026-06-04.22:50:43::SCWPlatform::DSA absoulate path E:/XilinxProject/IO_exp/IO_exp2.sw/mb_basic_io/hw/design_1_wrapper.xsa
TRACE::2026-06-04.22:50:43::SCWPlatform::DSA directory E:/XilinxProject/IO_exp/IO_exp2.sw/mb_basic_io/hw
TRACE::2026-06-04.22:50:43::SCWPlatform:: Platform Path E:/XilinxProject/IO_exp/IO_exp2.sw/mb_basic_io/hw/design_1_wrapper.xsa
TRACE::2026-06-04.22:50:43::SCWPlatform:: Unique name xilinx:nexys4_ddr::0.0
TRACE::2026-06-04.22:50:43::SCWPlatform::Trying to set the existing hwdb with name design_1_wrapper
TRACE::2026-06-04.22:50:43::SCWPlatform::Opened existing hwdb design_1_wrapper
TRACE::2026-06-04.22:50:43::SCWPlatform::Found the Hw Db part of the input DSA
TRACE::2026-06-04.22:50:43::SCWMssOS::Checking the sw design at  E:/XilinxProject/IO_exp/IO_exp2.sw/mb_basic_io/microblaze_0/standalone_domain/bsp/system.mss
TRACE::2026-06-04.22:50:43::SCWMssOS::DEBUG:  swdes dump  E:/XilinxProject/IO_exp/IO_exp2.sw/mb_basic_io/microblaze_0/standalone_domain/bsp/system.mss|system||

TRACE::2026-06-04.22:50:43::SCWMssOS::Sw design exists and opened at  E:/XilinxProject/IO_exp/IO_exp2.sw/mb_basic_io/microblaze_0/standalone_domain/bsp/system.mss
TRACE::2026-06-04.22:50:43::SCWMssOS::Completed writing the mss file at E:/XilinxProject/IO_exp/IO_exp2.sw/mb_basic_io/microblaze_0/standalone_domain/bsp
TRACE::2026-06-04.22:50:43::SCWMssOS::Mss edits present, copying mssfile into export location E:/XilinxProject/IO_exp/IO_exp2.sw/mb_basic_io/microblaze_0/standalone_domain/bsp/system.mss
TRACE::2026-06-04.22:50:43::SCWMssOS::bsp generated is upto date with the mss file. Skipping bsp generation.
TRACE::2026-06-04.22:50:43::SCWMssOS::BSP is already built. skipping the bsp build ... 
TRACE::2026-06-04.22:50:43::SCWDomain::Building the domain :  standalone_domain
TRACE::2026-06-04.22:50:43::SCWMssOS::doing bsp build ... 
TRACE::2026-06-04.22:50:43::SCWMssOS::System Command Ran  E: & cd  E:/XilinxProject/IO_exp/IO_exp2.sw/mb_basic_io/microblaze_0/standalone_domain/bsp & make 
TRACE::2026-06-04.22:50:43::SCWMssOS::make --no-print-directory seq_libs

TRACE::2026-06-04.22:50:43::SCWMssOS::'Finished building libraries sequentially.'

TRACE::2026-06-04.22:50:43::SCWMssOS::make -j 16 --no-print-directory par_libs

TRACE::2026-06-04.22:50:43::SCWMssOS::"Running Make include in microblaze_0/libsrc/bram_v4_7/src"

TRACE::2026-06-04.22:50:43::SCWMssOS::make -C microblaze_0/libsrc/bram_v4_7/src -s include  "SHELL=CMD" "COMPILER=mb-gcc" "ASSEMBLER=mb-as" "ARCHIVER=mb-ar" "COMPILE
TRACE::2026-06-04.22:50:43::SCWMssOS::R_FLAGS=  -O2 -c -mcpu=v11.0 -mlittle-endian -mxl-soft-mul" "EXTRA_COMPILER_FLAGS=-g -ffunction-sections -fdata-sections -Wall 
TRACE::2026-06-04.22:50:43::SCWMssOS::-Wextra -fno-tree-loop-distribute-patterns"

TRACE::2026-06-04.22:50:43::SCWMssOS::"Running Make include in microblaze_0/libsrc/cpu_v2_14/src"

TRACE::2026-06-04.22:50:43::SCWMssOS::make -C microblaze_0/libsrc/cpu_v2_14/src -s include  "SHELL=CMD" "COMPILER=mb-gcc" "ASSEMBLER=mb-as" "ARCHIVER=mb-ar" "COMPILE
TRACE::2026-06-04.22:50:43::SCWMssOS::R_FLAGS=  -O2 -c -mcpu=v11.0 -mlittle-endian -mxl-soft-mul" "EXTRA_COMPILER_FLAGS=-g -ffunction-sections -fdata-sections -Wall 
TRACE::2026-06-04.22:50:43::SCWMssOS::-Wextra -fno-tree-loop-distribute-patterns"

TRACE::2026-06-04.22:50:43::SCWMssOS::"Running Make include in microblaze_0/libsrc/gpio_v4_8/src"

TRACE::2026-06-04.22:50:43::SCWMssOS::make -C microblaze_0/libsrc/gpio_v4_8/src -s include  "SHELL=CMD" "COMPILER=mb-gcc" "ASSEMBLER=mb-as" "ARCHIVER=mb-ar" "COMPILE
TRACE::2026-06-04.22:50:43::SCWMssOS::R_FLAGS=  -O2 -c -mcpu=v11.0 -mlittle-endian -mxl-soft-mul" "EXTRA_COMPILER_FLAGS=-g -ffunction-sections -fdata-sections -Wall 
TRACE::2026-06-04.22:50:43::SCWMssOS::-Wextra -fno-tree-loop-distribute-patterns"

TRACE::2026-06-04.22:50:43::SCWMssOS::"Running Make include in microblaze_0/libsrc/intc_v3_13/src"

TRACE::2026-06-04.22:50:43::SCWMssOS::make -C microblaze_0/libsrc/intc_v3_13/src -s include  "SHELL=CMD" "COMPILER=mb-gcc" "ASSEMBLER=mb-as" "ARCHIVER=mb-ar" "COMPIL
TRACE::2026-06-04.22:50:43::SCWMssOS::ER_FLAGS=  -O2 -c -mcpu=v11.0 -mlittle-endian -mxl-soft-mul" "EXTRA_COMPILER_FLAGS=-g -ffunction-sections -fdata-sections -Wall
TRACE::2026-06-04.22:50:43::SCWMssOS:: -Wextra -fno-tree-loop-distribute-patterns"

TRACE::2026-06-04.22:50:43::SCWMssOS::"Running Make include in microblaze_0/libsrc/spi_v4_8/src"

TRACE::2026-06-04.22:50:44::SCWMssOS::make -C microblaze_0/libsrc/spi_v4_8/src -s include  "SHELL=CMD" "COMPILER=mb-gcc" "ASSEMBLER=mb-as" "ARCHIVER=mb-ar" "COMPILER
TRACE::2026-06-04.22:50:44::SCWMssOS::_FLAGS=  -O2 -c -mcpu=v11.0 -mlittle-endian -mxl-soft-mul" "EXTRA_COMPILER_FLAGS=-g -ffunction-sections -fdata-sections -Wall -
TRACE::2026-06-04.22:50:44::SCWMssOS::Wextra -fno-tree-loop-distribute-patterns"

TRACE::2026-06-04.22:50:44::SCWMssOS::"Running Make include in microblaze_0/libsrc/standalone_v7_6/src"

TRACE::2026-06-04.22:50:44::SCWMssOS::make -C microblaze_0/libsrc/standalone_v7_6/src -s include  "SHELL=CMD" "COMPILER=mb-gcc" "ASSEMBLER=mb-as" "ARCHIVER=mb-ar" "C
TRACE::2026-06-04.22:50:44::SCWMssOS::OMPILER_FLAGS=  -O2 -c -mcpu=v11.0 -mlittle-endian -mxl-soft-mul" "EXTRA_COMPILER_FLAGS=-g -ffunction-sections -fdata-sections 
TRACE::2026-06-04.22:50:44::SCWMssOS::-Wall -Wextra -fno-tree-loop-distribute-patterns"

TRACE::2026-06-04.22:50:44::SCWMssOS::"Running Make include in microblaze_0/libsrc/tmrctr_v4_8/src"

TRACE::2026-06-04.22:50:44::SCWMssOS::make -C microblaze_0/libsrc/tmrctr_v4_8/src -s include  "SHELL=CMD" "COMPILER=mb-gcc" "ASSEMBLER=mb-as" "ARCHIVER=mb-ar" "COMPI
TRACE::2026-06-04.22:50:44::SCWMssOS::LER_FLAGS=  -O2 -c -mcpu=v11.0 -mlittle-endian -mxl-soft-mul" "EXTRA_COMPILER_FLAGS=-g -ffunction-sections -fdata-sections -Wal
TRACE::2026-06-04.22:50:44::SCWMssOS::l -Wextra -fno-tree-loop-distribute-patterns"

TRACE::2026-06-04.22:50:44::SCWMssOS::"Running Make include in microblaze_0/libsrc/uartlite_v3_6/src"

TRACE::2026-06-04.22:50:44::SCWMssOS::make -C microblaze_0/libsrc/uartlite_v3_6/src -s include  "SHELL=CMD" "COMPILER=mb-gcc" "ASSEMBLER=mb-as" "ARCHIVER=mb-ar" "COM
TRACE::2026-06-04.22:50:44::SCWMssOS::PILER_FLAGS=  -O2 -c -mcpu=v11.0 -mlittle-endian -mxl-soft-mul" "EXTRA_COMPILER_FLAGS=-g -ffunction-sections -fdata-sections -W
TRACE::2026-06-04.22:50:44::SCWMssOS::all -Wextra -fno-tree-loop-distribute-patterns"

TRACE::2026-06-04.22:50:44::SCWMssOS::"Running Make libs in microblaze_0/libsrc/bram_v4_7/src"

TRACE::2026-06-04.22:50:44::SCWMssOS::make -C microblaze_0/libsrc/bram_v4_7/src -s libs  "SHELL=CMD" "COMPILER=mb-gcc" "ASSEMBLER=mb-as" "ARCHIVER=mb-ar" "COMPILER_F
TRACE::2026-06-04.22:50:44::SCWMssOS::LAGS=  -O2 -c -mcpu=v11.0 -mlittle-endian -mxl-soft-mul" "EXTRA_COMPILER_FLAGS=-g -ffunction-sections -fdata-sections -Wall -We
TRACE::2026-06-04.22:50:44::SCWMssOS::xtra -fno-tree-loop-distribute-patterns"

TRACE::2026-06-04.22:50:44::SCWMssOS::"Running Make libs in microblaze_0/libsrc/cpu_v2_14/src"

TRACE::2026-06-04.22:50:44::SCWMssOS::make -C microblaze_0/libsrc/cpu_v2_14/src -s libs  "SHELL=CMD" "COMPILER=mb-gcc" "ASSEMBLER=mb-as" "ARCHIVER=mb-ar" "COMPILER_F
TRACE::2026-06-04.22:50:44::SCWMssOS::LAGS=  -O2 -c -mcpu=v11.0 -mlittle-endian -mxl-soft-mul" "EXTRA_COMPILER_FLAGS=-g -ffunction-sections -fdata-sections -Wall -We
TRACE::2026-06-04.22:50:44::SCWMssOS::xtra -fno-tree-loop-distribute-patterns"

TRACE::2026-06-04.22:50:44::SCWMssOS::"Running Make libs in microblaze_0/libsrc/gpio_v4_8/src"

TRACE::2026-06-04.22:50:44::SCWMssOS::make -C microblaze_0/libsrc/gpio_v4_8/src -s libs  "SHELL=CMD" "COMPILER=mb-gcc" "ASSEMBLER=mb-as" "ARCHIVER=mb-ar" "COMPILER_F
TRACE::2026-06-04.22:50:44::SCWMssOS::LAGS=  -O2 -c -mcpu=v11.0 -mlittle-endian -mxl-soft-mul" "EXTRA_COMPILER_FLAGS=-g -ffunction-sections -fdata-sections -Wall -We
TRACE::2026-06-04.22:50:44::SCWMssOS::xtra -fno-tree-loop-distribute-patterns"

TRACE::2026-06-04.22:50:44::SCWMssOS::"Running Make libs in microblaze_0/libsrc/intc_v3_13/src"

TRACE::2026-06-04.22:50:44::SCWMssOS::make -C microblaze_0/libsrc/intc_v3_13/src -s libs  "SHELL=CMD" "COMPILER=mb-gcc" "ASSEMBLER=mb-as" "ARCHIVER=mb-ar" "COMPILER_
TRACE::2026-06-04.22:50:44::SCWMssOS::FLAGS=  -O2 -c -mcpu=v11.0 -mlittle-endian -mxl-soft-mul" "EXTRA_COMPILER_FLAGS=-g -ffunction-sections -fdata-sections -Wall -W
TRACE::2026-06-04.22:50:44::SCWMssOS::extra -fno-tree-loop-distribute-patterns"

TRACE::2026-06-04.22:50:44::SCWMssOS::"Running Make libs in microblaze_0/libsrc/spi_v4_8/src"

TRACE::2026-06-04.22:50:44::SCWMssOS::make -C microblaze_0/libsrc/spi_v4_8/src -s libs  "SHELL=CMD" "COMPILER=mb-gcc" "ASSEMBLER=mb-as" "ARCHIVER=mb-ar" "COMPILER_FL
TRACE::2026-06-04.22:50:44::SCWMssOS::AGS=  -O2 -c -mcpu=v11.0 -mlittle-endian -mxl-soft-mul" "EXTRA_COMPILER_FLAGS=-g -ffunction-sections -fdata-sections -Wall -Wex
TRACE::2026-06-04.22:50:44::SCWMssOS::tra -fno-tree-loop-distribute-patterns"

TRACE::2026-06-04.22:50:44::SCWMssOS::"Running Make libs in microblaze_0/libsrc/standalone_v7_6/src"

TRACE::2026-06-04.22:50:44::SCWMssOS::make -C microblaze_0/libsrc/standalone_v7_6/src -s libs  "SHELL=CMD" "COMPILER=mb-gcc" "ASSEMBLER=mb-as" "ARCHIVER=mb-ar" "COMP
TRACE::2026-06-04.22:50:44::SCWMssOS::ILER_FLAGS=  -O2 -c -mcpu=v11.0 -mlittle-endian -mxl-soft-mul" "EXTRA_COMPILER_FLAGS=-g -ffunction-sections -fdata-sections -Wa
TRACE::2026-06-04.22:50:44::SCWMssOS::ll -Wextra -fno-tree-loop-distribute-patterns"

TRACE::2026-06-04.22:50:44::SCWMssOS::"Running Make libs in microblaze_0/libsrc/tmrctr_v4_8/src"

TRACE::2026-06-04.22:50:44::SCWMssOS::make -C microblaze_0/libsrc/tmrctr_v4_8/src -s libs  "SHELL=CMD" "COMPILER=mb-gcc" "ASSEMBLER=mb-as" "ARCHIVER=mb-ar" "COMPILER
TRACE::2026-06-04.22:50:44::SCWMssOS::_FLAGS=  -O2 -c -mcpu=v11.0 -mlittle-endian -mxl-soft-mul" "EXTRA_COMPILER_FLAGS=-g -ffunction-sections -fdata-sections -Wall -
TRACE::2026-06-04.22:50:44::SCWMssOS::Wextra -fno-tree-loop-distribute-patterns"

TRACE::2026-06-04.22:50:45::SCWMssOS::"Running Make libs in microblaze_0/libsrc/uartlite_v3_6/src"

TRACE::2026-06-04.22:50:45::SCWMssOS::make -C microblaze_0/libsrc/uartlite_v3_6/src -s libs  "SHELL=CMD" "COMPILER=mb-gcc" "ASSEMBLER=mb-as" "ARCHIVER=mb-ar" "COMPIL
TRACE::2026-06-04.22:50:45::SCWMssOS::ER_FLAGS=  -O2 -c -mcpu=v11.0 -mlittle-endian -mxl-soft-mul" "EXTRA_COMPILER_FLAGS=-g -ffunction-sections -fdata-sections -Wall
TRACE::2026-06-04.22:50:45::SCWMssOS:: -Wextra -fno-tree-loop-distribute-patterns"

TRACE::2026-06-04.22:50:45::SCWMssOS::'Finished building libraries parallelly.'

TRACE::2026-06-04.22:50:45::SCWMssOS::make --no-print-directory archive

TRACE::2026-06-04.22:50:45::SCWMssOS::mb-ar -r  microblaze_0/lib/libxil.a microblaze_0/lib/xplatform_info.o microblaze_0/lib/xuartlite.o microblaze_0/lib/microblaze_
TRACE::2026-06-04.22:50:45::SCWMssOS::disable_exceptions.o microblaze_0/lib/print.o microblaze_0/lib/xtmrctr_options.o microblaze_0/lib/_exit.o microblaze_0/lib/xil_
TRACE::2026-06-04.22:50:45::SCWMssOS::testio.o microblaze_0/lib/microblaze_disable_dcache.o microblaze_0/lib/microblaze_flush_dcache_range.o microblaze_0/lib/xspi_g.
TRACE::2026-06-04.22:50:45::SCWMssOS::o microblaze_0/lib/microblaze_flush_cache_ext.o microblaze_0/lib/xbram_sinit.o microblaze_0/lib/xspi_sinit.o microblaze_0/lib/x
TRACE::2026-06-04.22:50:45::SCWMssOS::il_misc_psreset_api.o microblaze_0/lib/xspi_selftest.o microblaze_0/lib/xil_cache.o microblaze_0/lib/xil_util.o microblaze_0/li
TRACE::2026-06-04.22:50:45::SCWMssOS::b/inbyte.o microblaze_0/lib/xintc_intr.o microblaze_0/lib/microblaze_exception_handler.o microblaze_0/lib/xbram_g.o microblaze_
TRACE::2026-06-04.22:50:45::SCWMssOS::0/lib/microblaze_scrub.o microblaze_0/lib/microblaze_invalidate_dcache.o microblaze_0/lib/microblaze_disable_interrupts.o micro
TRACE::2026-06-04.22:50:45::SCWMssOS::blaze_0/lib/xbram_selftest.o microblaze_0/lib/microblaze_interrupt_handler.o microblaze_0/lib/microblaze_disable_icache.o micro
TRACE::2026-06-04.22:50:45::SCWMssOS::blaze_0/lib/xuartlite_sinit.o microblaze_0/lib/xgpio_g.o microblaze_0/lib/xil_mem.o microblaze_0/lib/xspi_stats.o microblaze_0/
TRACE::2026-06-04.22:50:45::SCWMssOS::lib/microblaze_flush_cache_ext_range.o microblaze_0/lib/xtmrctr_intr.o microblaze_0/lib/xbram_intr.o microblaze_0/lib/xil_sleep
TRACE::2026-06-04.22:50:45::SCWMssOS::common.o microblaze_0/lib/xil_printf.o microblaze_0/lib/xintc_g.o microblaze_0/lib/xuartlite_g.o microblaze_0/lib/xtmrctr_l.o m
TRACE::2026-06-04.22:50:45::SCWMssOS::icroblaze_0/lib/xintc_selftest.o microblaze_0/lib/xintc_l.o microblaze_0/lib/outbyte.o microblaze_0/lib/microblaze_enable_excep
TRACE::2026-06-04.22:50:45::SCWMssOS::tions.o microblaze_0/lib/xgpio_intr.o microblaze_0/lib/microblaze_invalidate_dcache_range.o microblaze_0/lib/microblaze_invalid
TRACE::2026-06-04.22:50:45::SCWMssOS::ate_cache_ext.o microblaze_0/lib/microblaze_sleep.o microblaze_0/lib/hw_exception_handler.o microblaze_0/lib/xtmrctr.o microbla
TRACE::2026-06-04.22:50:45::SCWMssOS::ze_0/lib/xuartlite_selftest.o microblaze_0/lib/xgpio_sinit.o microblaze_0/lib/microblaze_update_dcache.o microblaze_0/lib/xil_t
TRACE::2026-06-04.22:50:45::SCWMssOS::estcache.o microblaze_0/lib/microblaze_selftest.o microblaze_0/lib/microblaze_interrupts_g.o microblaze_0/lib/xio.o microblaze_
TRACE::2026-06-04.22:50:45::SCWMssOS::0/lib/xtmrctr_g.o microblaze_0/lib/microblaze_enable_dcache.o microblaze_0/lib/xbram.o microblaze_0/lib/microblaze_invalidate_i
TRACE::2026-06-04.22:50:45::SCWMssOS::cache_range.o microblaze_0/lib/xtmrctr_selftest.o microblaze_0/lib/microblaze_init_dcache_range.o microblaze_0/lib/microblaze_i
TRACE::2026-06-04.22:50:45::SCWMssOS::nvalidate_icache.o microblaze_0/lib/xspi_options.o microblaze_0/lib/errno.o microblaze_0/lib/xuartlite_l.o microblaze_0/lib/xin
TRACE::2026-06-04.22:50:45::SCWMssOS::tc_options.o microblaze_0/lib/xuartlite_stats.o microblaze_0/lib/microblaze_invalidate_cache_ext_range.o microblaze_0/lib/xil_e
TRACE::2026-06-04.22:50:45::SCWMssOS::xception.o microblaze_0/lib/pvr.o microblaze_0/lib/xgpio.o microblaze_0/lib/xil_testmem.o microblaze_0/lib/microblaze_update_ic
TRACE::2026-06-04.22:50:45::SCWMssOS::ache.o microblaze_0/lib/xuartlite_intr.o microblaze_0/lib/microblaze_flush_dcache.o microblaze_0/lib/xil_clocking.o microblaze_
TRACE::2026-06-04.22:50:45::SCWMssOS::0/lib/xil_assert.o microblaze_0/lib/microblaze_enable_interrupts.o microblaze_0/lib/xgpio_extra.o microblaze_0/lib/xspi.o micro
TRACE::2026-06-04.22:50:45::SCWMssOS::blaze_0/lib/microblaze_enable_icache.o microblaze_0/lib/xintc.o microblaze_0/lib/xtmrctr_stats.o microblaze_0/lib/microblaze_in
TRACE::2026-06-04.22:50:45::SCWMssOS::it_icache_range.o microblaze_0/lib/xtmrctr_sinit.o microblaze_0/lib/fcntl.o microblaze_0/lib/xgpio_selftest.o

TRACE::2026-06-04.22:50:45::SCWMssOS::'Finished building libraries'

TRACE::2026-06-04.22:50:45::SCWMssOS::Copying to export directory.
TRACE::2026-06-04.22:50:45::SCWMssOS:: Checking if to create the Supporting Applications
TRACE::2026-06-04.22:50:45::SCWMssOS:: No Linux domain exists, trying to generate FSBL 
LOG::2026-06-04.22:50:45::SCWSystem::Completed Processing the domain standalone_domain
LOG::2026-06-04.22:50:45::SCWSystem::Completed Processing the sysconfig mb_basic_io
LOG::2026-06-04.22:50:45::SCWPlatform::Completed generating the artifacts for system configuration mb_basic_io
TRACE::2026-06-04.22:50:45::SCWPlatform::Started preparing the platform 
TRACE::2026-06-04.22:50:45::SCWSystem::Writing the bif file for system config mb_basic_io
TRACE::2026-06-04.22:50:45::SCWSystem::dir created 
TRACE::2026-06-04.22:50:45::SCWSystem::Writing the bif 
TRACE::2026-06-04.22:50:45::SCWPlatform::Started writing the spfm file 
TRACE::2026-06-04.22:50:45::SCWPlatform::Started writing the xpfm file 
TRACE::2026-06-04.22:50:45::SCWPlatform::Completed generating the platform
TRACE::2026-06-04.22:50:45::SCWMssOS::Saving the mss changes E:/XilinxProject/IO_exp/IO_exp2.sw/mb_basic_io/microblaze_0/standalone_domain/bsp/system.mss
TRACE::2026-06-04.22:50:45::SCWMssOS::Found a swdesign opened with the mssfile.
TRACE::2026-06-04.22:50:45::SCWMssOS::Completed writemss as part of save.
TRACE::2026-06-04.22:50:45::SCWMssOS::Commit changes completed.
TRACE::2026-06-04.22:50:45::SCWPlatform::Trying to open the hw design at E:/XilinxProject/IO_exp/IO_exp2.sw/mb_basic_io/hw/design_1_wrapper.xsa
TRACE::2026-06-04.22:50:45::SCWPlatform::DSA given E:/XilinxProject/IO_exp/IO_exp2.sw/mb_basic_io/hw/design_1_wrapper.xsa
TRACE::2026-06-04.22:50:45::SCWPlatform::DSA absoulate path E:/XilinxProject/IO_exp/IO_exp2.sw/mb_basic_io/hw/design_1_wrapper.xsa
TRACE::2026-06-04.22:50:45::SCWPlatform::DSA directory E:/XilinxProject/IO_exp/IO_exp2.sw/mb_basic_io/hw
TRACE::2026-06-04.22:50:45::SCWPlatform:: Platform Path E:/XilinxProject/IO_exp/IO_exp2.sw/mb_basic_io/hw/design_1_wrapper.xsa
TRACE::2026-06-04.22:50:45::SCWPlatform:: Unique name xilinx:nexys4_ddr::0.0
TRACE::2026-06-04.22:50:45::SCWPlatform::Trying to set the existing hwdb with name design_1_wrapper
TRACE::2026-06-04.22:50:45::SCWPlatform::Opened existing hwdb design_1_wrapper
TRACE::2026-06-04.22:50:45::SCWPlatform::Found the Hw Db part of the input DSA
TRACE::2026-06-04.22:50:45::SCWMssOS::Checking the sw design at  E:/XilinxProject/IO_exp/IO_exp2.sw/mb_basic_io/microblaze_0/standalone_domain/bsp/system.mss
TRACE::2026-06-04.22:50:45::SCWMssOS::DEBUG:  swdes dump  E:/XilinxProject/IO_exp/IO_exp2.sw/mb_basic_io/microblaze_0/standalone_domain/bsp/system.mss|system||

TRACE::2026-06-04.22:50:45::SCWMssOS::Sw design exists and opened at  E:/XilinxProject/IO_exp/IO_exp2.sw/mb_basic_io/microblaze_0/standalone_domain/bsp/system.mss
TRACE::2026-06-04.22:50:45::SCWWriter::formatted JSON is {
	"platformName":	"mb_basic_io",
	"sprVersion":	"2.0",
	"mode":	"gui",
	"dsaType":	"Fixed",
	"platformDesc":	"mb_basic_io",
	"platHandOff":	"E:/XilinxProject/IO_exp/design_1_wrapper.xsa",
	"platIntHandOff":	"<platformDir>/hw/design_1_wrapper.xsa",
	"deviceType":	"FPGA",
	"platIsPrebuiltAutogen":	"false",
	"platIsNoBootBsp":	"false",
	"hasFsblMakeHasChanges":	"false",
	"hasPmufwMakeHasChanges":	"false",
	"platPreBuiltFlag":	false,
	"platformSamplesDir":	"",
	"platActiveSys":	"mb_basic_io",
	"systems":	[{
			"systemName":	"mb_basic_io",
			"systemDesc":	"mb_basic_io",
			"sysIsBootAutoGen":	"true",
			"systemDispName":	"mb_basic_io",
			"sysActiveDom":	"standalone_domain",
			"sysDefaultDom":	"standalone_domain",
			"domains":	[{
					"domainName":	"standalone_domain",
					"domainDispName":	"standalone on microblaze_0",
					"domainDesc":	"standalone_domain",
					"processors":	"microblaze_0",
					"os":	"standalone",
					"sdxOs":	"standalone",
					"debugEnable":	"False",
					"domRuntimes":	["cpp"],
					"swRepo":	"",
					"mssOsVer":	"7.6",
					"mssFile":	"",
					"md5Digest":	"f3846bf43104bdbfe064a20c4a3cdccd",
					"compatibleApp":	"",
					"domType":	"mssDomain",
					"arch":	"32-bit",
					"appSettings":	{
						"appCompilerFlags":	"",
						"appLinkerFlags":	""
					},
					"addedLibs":	[],
					"libOptions":	{
						"libsContainingOptions":	[]
					},
					"prebuiltLibs":	{
						"prebuiltIncPath":	[],
						"prebuiltLibPath":	[]
					},
					"isolation":	{
					}
				}]
		}]
}
KEYINFO::2026-06-04.22:50:45::SCWPlatform::updated the xpfm file.
TRACE::2026-06-04.22:50:45::SCWPlatform::Trying to open the hw design at E:/XilinxProject/IO_exp/IO_exp2.sw/mb_basic_io/hw/design_1_wrapper.xsa
TRACE::2026-06-04.22:50:45::SCWPlatform::DSA given E:/XilinxProject/IO_exp/IO_exp2.sw/mb_basic_io/hw/design_1_wrapper.xsa
TRACE::2026-06-04.22:50:45::SCWPlatform::DSA absoulate path E:/XilinxProject/IO_exp/IO_exp2.sw/mb_basic_io/hw/design_1_wrapper.xsa
TRACE::2026-06-04.22:50:45::SCWPlatform::DSA directory E:/XilinxProject/IO_exp/IO_exp2.sw/mb_basic_io/hw
TRACE::2026-06-04.22:50:45::SCWPlatform:: Platform Path E:/XilinxProject/IO_exp/IO_exp2.sw/mb_basic_io/hw/design_1_wrapper.xsa
TRACE::2026-06-04.22:50:45::SCWPlatform:: Unique name xilinx:nexys4_ddr::0.0
TRACE::2026-06-04.22:50:45::SCWPlatform::Trying to set the existing hwdb with name design_1_wrapper
TRACE::2026-06-04.22:50:45::SCWPlatform::Opened existing hwdb design_1_wrapper
TRACE::2026-06-04.22:50:45::SCWPlatform::Found the Hw Db part of the input DSA
TRACE::2026-06-04.22:50:45::SCWMssOS::Checking the sw design at  E:/XilinxProject/IO_exp/IO_exp2.sw/mb_basic_io/microblaze_0/standalone_domain/bsp/system.mss
TRACE::2026-06-04.22:50:45::SCWMssOS::DEBUG:  swdes dump  E:/XilinxProject/IO_exp/IO_exp2.sw/mb_basic_io/microblaze_0/standalone_domain/bsp/system.mss|system||

TRACE::2026-06-04.22:50:45::SCWMssOS::Sw design exists and opened at  E:/XilinxProject/IO_exp/IO_exp2.sw/mb_basic_io/microblaze_0/standalone_domain/bsp/system.mss
TRACE::2026-06-04.23:27:54::SCWMssOS::cleaning the bsp 
TRACE::2026-06-04.23:27:54::SCWMssOS::System Command Ran  E: & cd  E:/XilinxProject/IO_exp/IO_exp2.sw/mb_basic_io/microblaze_0/standalone_domain/bsp & make clean 
TRACE::2026-06-04.23:27:54::SCWMssOS::make -C microblaze_0/libsrc/bram_v4_7/src -s clean 

TRACE::2026-06-04.23:27:54::SCWMssOS::make -C microblaze_0/libsrc/cpu_v2_14/src -s clean 

TRACE::2026-06-04.23:27:54::SCWMssOS::make -C microblaze_0/libsrc/gpio_v4_8/src -s clean 

TRACE::2026-06-04.23:27:55::SCWMssOS::make -C microblaze_0/libsrc/intc_v3_13/src -s clean 

TRACE::2026-06-04.23:27:55::SCWMssOS::make -C microblaze_0/libsrc/spi_v4_8/src -s clean 

TRACE::2026-06-04.23:27:55::SCWMssOS::make -C microblaze_0/libsrc/standalone_v7_6/src -s clean 

TRACE::2026-06-04.23:27:55::SCWMssOS::make -C microblaze_0/libsrc/tmrctr_v4_8/src -s clean 

TRACE::2026-06-04.23:27:55::SCWMssOS::make -C microblaze_0/libsrc/uartlite_v3_6/src -s clean 

TRACE::2026-06-04.23:27:56::SCWMssOS::rm -f microblaze_0/lib/libxil.a

LOG::2026-06-04.23:27:58::SCWPlatform::Started generating the artifacts platform mb_basic_io
TRACE::2026-06-04.23:27:58::SCWPlatform::Sanity checking of platform is completed
LOG::2026-06-04.23:27:58::SCWPlatform::Started generating the artifacts for system configuration mb_basic_io
LOG::2026-06-04.23:27:58::SCWSystem::Checking the domain standalone_domain
LOG::2026-06-04.23:27:58::SCWSystem::Not a boot domain 
LOG::2026-06-04.23:27:58::SCWSystem::Started Processing the domain standalone_domain
TRACE::2026-06-04.23:27:58::SCWDomain::Generating domain artifcats
TRACE::2026-06-04.23:27:58::SCWMssOS::Generating standalone artifcats
TRACE::2026-06-04.23:27:58::SCWMssOS:: Copying the user libraries. 
TRACE::2026-06-04.23:27:58::SCWPlatform::Trying to open the hw design at E:/XilinxProject/IO_exp/IO_exp2.sw/mb_basic_io/hw/design_1_wrapper.xsa
TRACE::2026-06-04.23:27:58::SCWPlatform::DSA given E:/XilinxProject/IO_exp/IO_exp2.sw/mb_basic_io/hw/design_1_wrapper.xsa
TRACE::2026-06-04.23:27:58::SCWPlatform::DSA absoulate path E:/XilinxProject/IO_exp/IO_exp2.sw/mb_basic_io/hw/design_1_wrapper.xsa
TRACE::2026-06-04.23:27:58::SCWPlatform::DSA directory E:/XilinxProject/IO_exp/IO_exp2.sw/mb_basic_io/hw
TRACE::2026-06-04.23:27:58::SCWPlatform:: Platform Path E:/XilinxProject/IO_exp/IO_exp2.sw/mb_basic_io/hw/design_1_wrapper.xsa
TRACE::2026-06-04.23:27:58::SCWPlatform:: Unique name xilinx:nexys4_ddr::0.0
TRACE::2026-06-04.23:27:58::SCWPlatform::Trying to set the existing hwdb with name design_1_wrapper
TRACE::2026-06-04.23:27:58::SCWPlatform::Opened existing hwdb design_1_wrapper
TRACE::2026-06-04.23:27:58::SCWPlatform::Found the Hw Db part of the input DSA
TRACE::2026-06-04.23:27:58::SCWMssOS::Checking the sw design at  E:/XilinxProject/IO_exp/IO_exp2.sw/mb_basic_io/microblaze_0/standalone_domain/bsp/system.mss
TRACE::2026-06-04.23:27:58::SCWMssOS::DEBUG:  swdes dump  E:/XilinxProject/IO_exp/IO_exp2.sw/mb_basic_io/microblaze_0/standalone_domain/bsp/system.mss|system||

TRACE::2026-06-04.23:27:58::SCWMssOS::Sw design exists and opened at  E:/XilinxProject/IO_exp/IO_exp2.sw/mb_basic_io/microblaze_0/standalone_domain/bsp/system.mss
TRACE::2026-06-04.23:27:58::SCWMssOS::Completed writing the mss file at E:/XilinxProject/IO_exp/IO_exp2.sw/mb_basic_io/microblaze_0/standalone_domain/bsp
TRACE::2026-06-04.23:27:58::SCWMssOS::Mss edits present, copying mssfile into export location E:/XilinxProject/IO_exp/IO_exp2.sw/mb_basic_io/microblaze_0/standalone_domain/bsp/system.mss
TRACE::2026-06-04.23:27:58::SCWMssOS::bsp generated is upto date with the mss file. Skipping bsp generation.
TRACE::2026-06-04.23:27:58::SCWMssOS::BSP is already built. skipping the bsp build ... 
TRACE::2026-06-04.23:27:58::SCWDomain::Building the domain as part of full build :  standalone_domain
TRACE::2026-06-04.23:27:58::SCWMssOS::doing bsp build ... 
TRACE::2026-06-04.23:27:58::SCWMssOS::System Command Ran  E: & cd  E:/XilinxProject/IO_exp/IO_exp2.sw/mb_basic_io/microblaze_0/standalone_domain/bsp & make 
TRACE::2026-06-04.23:27:58::SCWMssOS::make --no-print-directory seq_libs

TRACE::2026-06-04.23:27:58::SCWMssOS::'Finished building libraries sequentially.'

TRACE::2026-06-04.23:27:58::SCWMssOS::make -j 16 --no-print-directory par_libs

TRACE::2026-06-04.23:27:58::SCWMssOS::"Running Make include in microblaze_0/libsrc/bram_v4_7/src"

TRACE::2026-06-04.23:27:58::SCWMssOS::make -C microblaze_0/libsrc/bram_v4_7/src -s include  "SHELL=CMD" "COMPILER=mb-gcc" "ASSEMBLER=mb-as" "ARCHIVER=mb-ar" "COMPILE
TRACE::2026-06-04.23:27:58::SCWMssOS::R_FLAGS=  -O2 -c -mcpu=v11.0 -mlittle-endian -mxl-soft-mul" "EXTRA_COMPILER_FLAGS=-g -ffunction-sections -fdata-sections -Wall 
TRACE::2026-06-04.23:27:58::SCWMssOS::-Wextra -fno-tree-loop-distribute-patterns"

TRACE::2026-06-04.23:27:58::SCWMssOS::"Running Make include in microblaze_0/libsrc/cpu_v2_14/src"

TRACE::2026-06-04.23:27:58::SCWMssOS::make -C microblaze_0/libsrc/cpu_v2_14/src -s include  "SHELL=CMD" "COMPILER=mb-gcc" "ASSEMBLER=mb-as" "ARCHIVER=mb-ar" "COMPILE
TRACE::2026-06-04.23:27:58::SCWMssOS::R_FLAGS=  -O2 -c -mcpu=v11.0 -mlittle-endian -mxl-soft-mul" "EXTRA_COMPILER_FLAGS=-g -ffunction-sections -fdata-sections -Wall 
TRACE::2026-06-04.23:27:58::SCWMssOS::-Wextra -fno-tree-loop-distribute-patterns"

TRACE::2026-06-04.23:27:58::SCWMssOS::"Running Make include in microblaze_0/libsrc/gpio_v4_8/src"

TRACE::2026-06-04.23:27:58::SCWMssOS::make -C microblaze_0/libsrc/gpio_v4_8/src -s include  "SHELL=CMD" "COMPILER=mb-gcc" "ASSEMBLER=mb-as" "ARCHIVER=mb-ar" "COMPILE
TRACE::2026-06-04.23:27:58::SCWMssOS::R_FLAGS=  -O2 -c -mcpu=v11.0 -mlittle-endian -mxl-soft-mul" "EXTRA_COMPILER_FLAGS=-g -ffunction-sections -fdata-sections -Wall 
TRACE::2026-06-04.23:27:58::SCWMssOS::-Wextra -fno-tree-loop-distribute-patterns"

TRACE::2026-06-04.23:27:59::SCWMssOS::"Running Make include in microblaze_0/libsrc/intc_v3_13/src"

TRACE::2026-06-04.23:27:59::SCWMssOS::make -C microblaze_0/libsrc/intc_v3_13/src -s include  "SHELL=CMD" "COMPILER=mb-gcc" "ASSEMBLER=mb-as" "ARCHIVER=mb-ar" "COMPIL
TRACE::2026-06-04.23:27:59::SCWMssOS::ER_FLAGS=  -O2 -c -mcpu=v11.0 -mlittle-endian -mxl-soft-mul" "EXTRA_COMPILER_FLAGS=-g -ffunction-sections -fdata-sections -Wall
TRACE::2026-06-04.23:27:59::SCWMssOS:: -Wextra -fno-tree-loop-distribute-patterns"

TRACE::2026-06-04.23:27:59::SCWMssOS::"Running Make include in microblaze_0/libsrc/spi_v4_8/src"

TRACE::2026-06-04.23:27:59::SCWMssOS::make -C microblaze_0/libsrc/spi_v4_8/src -s include  "SHELL=CMD" "COMPILER=mb-gcc" "ASSEMBLER=mb-as" "ARCHIVER=mb-ar" "COMPILER
TRACE::2026-06-04.23:27:59::SCWMssOS::_FLAGS=  -O2 -c -mcpu=v11.0 -mlittle-endian -mxl-soft-mul" "EXTRA_COMPILER_FLAGS=-g -ffunction-sections -fdata-sections -Wall -
TRACE::2026-06-04.23:27:59::SCWMssOS::Wextra -fno-tree-loop-distribute-patterns"

TRACE::2026-06-04.23:27:59::SCWMssOS::"Running Make include in microblaze_0/libsrc/standalone_v7_6/src"

TRACE::2026-06-04.23:27:59::SCWMssOS::make -C microblaze_0/libsrc/standalone_v7_6/src -s include  "SHELL=CMD" "COMPILER=mb-gcc" "ASSEMBLER=mb-as" "ARCHIVER=mb-ar" "C
TRACE::2026-06-04.23:27:59::SCWMssOS::OMPILER_FLAGS=  -O2 -c -mcpu=v11.0 -mlittle-endian -mxl-soft-mul" "EXTRA_COMPILER_FLAGS=-g -ffunction-sections -fdata-sections 
TRACE::2026-06-04.23:27:59::SCWMssOS::-Wall -Wextra -fno-tree-loop-distribute-patterns"

TRACE::2026-06-04.23:27:59::SCWMssOS::"Running Make include in microblaze_0/libsrc/tmrctr_v4_8/src"

TRACE::2026-06-04.23:27:59::SCWMssOS::make -C microblaze_0/libsrc/tmrctr_v4_8/src -s include  "SHELL=CMD" "COMPILER=mb-gcc" "ASSEMBLER=mb-as" "ARCHIVER=mb-ar" "COMPI
TRACE::2026-06-04.23:27:59::SCWMssOS::LER_FLAGS=  -O2 -c -mcpu=v11.0 -mlittle-endian -mxl-soft-mul" "EXTRA_COMPILER_FLAGS=-g -ffunction-sections -fdata-sections -Wal
TRACE::2026-06-04.23:27:59::SCWMssOS::l -Wextra -fno-tree-loop-distribute-patterns"

TRACE::2026-06-04.23:27:59::SCWMssOS::"Running Make include in microblaze_0/libsrc/uartlite_v3_6/src"

TRACE::2026-06-04.23:27:59::SCWMssOS::make -C microblaze_0/libsrc/uartlite_v3_6/src -s include  "SHELL=CMD" "COMPILER=mb-gcc" "ASSEMBLER=mb-as" "ARCHIVER=mb-ar" "COM
TRACE::2026-06-04.23:27:59::SCWMssOS::PILER_FLAGS=  -O2 -c -mcpu=v11.0 -mlittle-endian -mxl-soft-mul" "EXTRA_COMPILER_FLAGS=-g -ffunction-sections -fdata-sections -W
TRACE::2026-06-04.23:27:59::SCWMssOS::all -Wextra -fno-tree-loop-distribute-patterns"

TRACE::2026-06-04.23:27:59::SCWMssOS::"Running Make libs in microblaze_0/libsrc/bram_v4_7/src"

TRACE::2026-06-04.23:27:59::SCWMssOS::make -C microblaze_0/libsrc/bram_v4_7/src -s libs  "SHELL=CMD" "COMPILER=mb-gcc" "ASSEMBLER=mb-as" "ARCHIVER=mb-ar" "COMPILER_F
TRACE::2026-06-04.23:27:59::SCWMssOS::LAGS=  -O2 -c -mcpu=v11.0 -mlittle-endian -mxl-soft-mul" "EXTRA_COMPILER_FLAGS=-g -ffunction-sections -fdata-sections -Wall -We
TRACE::2026-06-04.23:27:59::SCWMssOS::xtra -fno-tree-loop-distribute-patterns"

TRACE::2026-06-04.23:27:59::SCWMssOS::"Running Make libs in microblaze_0/libsrc/cpu_v2_14/src"

TRACE::2026-06-04.23:27:59::SCWMssOS::make -C microblaze_0/libsrc/cpu_v2_14/src -s libs  "SHELL=CMD" "COMPILER=mb-gcc" "ASSEMBLER=mb-as" "ARCHIVER=mb-ar" "COMPILER_F
TRACE::2026-06-04.23:27:59::SCWMssOS::LAGS=  -O2 -c -mcpu=v11.0 -mlittle-endian -mxl-soft-mul" "EXTRA_COMPILER_FLAGS=-g -ffunction-sections -fdata-sections -Wall -We
TRACE::2026-06-04.23:27:59::SCWMssOS::xtra -fno-tree-loop-distribute-patterns"

TRACE::2026-06-04.23:27:59::SCWMssOS::"Running Make libs in microblaze_0/libsrc/gpio_v4_8/src"

TRACE::2026-06-04.23:27:59::SCWMssOS::make -C microblaze_0/libsrc/gpio_v4_8/src -s libs  "SHELL=CMD" "COMPILER=mb-gcc" "ASSEMBLER=mb-as" "ARCHIVER=mb-ar" "COMPILER_F
TRACE::2026-06-04.23:27:59::SCWMssOS::LAGS=  -O2 -c -mcpu=v11.0 -mlittle-endian -mxl-soft-mul" "EXTRA_COMPILER_FLAGS=-g -ffunction-sections -fdata-sections -Wall -We
TRACE::2026-06-04.23:27:59::SCWMssOS::xtra -fno-tree-loop-distribute-patterns"

TRACE::2026-06-04.23:27:59::SCWMssOS::"Running Make libs in microblaze_0/libsrc/intc_v3_13/src"

TRACE::2026-06-04.23:27:59::SCWMssOS::make -C microblaze_0/libsrc/intc_v3_13/src -s libs  "SHELL=CMD" "COMPILER=mb-gcc" "ASSEMBLER=mb-as" "ARCHIVER=mb-ar" "COMPILER_
TRACE::2026-06-04.23:27:59::SCWMssOS::FLAGS=  -O2 -c -mcpu=v11.0 -mlittle-endian -mxl-soft-mul" "EXTRA_COMPILER_FLAGS=-g -ffunction-sections -fdata-sections -Wall -W
TRACE::2026-06-04.23:27:59::SCWMssOS::extra -fno-tree-loop-distribute-patterns"

TRACE::2026-06-04.23:27:59::SCWMssOS::"Running Make libs in microblaze_0/libsrc/spi_v4_8/src"

TRACE::2026-06-04.23:27:59::SCWMssOS::make -C microblaze_0/libsrc/spi_v4_8/src -s libs  "SHELL=CMD" "COMPILER=mb-gcc" "ASSEMBLER=mb-as" "ARCHIVER=mb-ar" "COMPILER_FL
TRACE::2026-06-04.23:27:59::SCWMssOS::AGS=  -O2 -c -mcpu=v11.0 -mlittle-endian -mxl-soft-mul" "EXTRA_COMPILER_FLAGS=-g -ffunction-sections -fdata-sections -Wall -Wex
TRACE::2026-06-04.23:27:59::SCWMssOS::tra -fno-tree-loop-distribute-patterns"

TRACE::2026-06-04.23:27:59::SCWMssOS::"Running Make libs in microblaze_0/libsrc/standalone_v7_6/src"

TRACE::2026-06-04.23:27:59::SCWMssOS::make -C microblaze_0/libsrc/standalone_v7_6/src -s libs  "SHELL=CMD" "COMPILER=mb-gcc" "ASSEMBLER=mb-as" "ARCHIVER=mb-ar" "COMP
TRACE::2026-06-04.23:27:59::SCWMssOS::ILER_FLAGS=  -O2 -c -mcpu=v11.0 -mlittle-endian -mxl-soft-mul" "EXTRA_COMPILER_FLAGS=-g -ffunction-sections -fdata-sections -Wa
TRACE::2026-06-04.23:27:59::SCWMssOS::ll -Wextra -fno-tree-loop-distribute-patterns"

TRACE::2026-06-04.23:27:59::SCWMssOS::"Running Make libs in microblaze_0/libsrc/tmrctr_v4_8/src"

TRACE::2026-06-04.23:27:59::SCWMssOS::make -C microblaze_0/libsrc/tmrctr_v4_8/src -s libs  "SHELL=CMD" "COMPILER=mb-gcc" "ASSEMBLER=mb-as" "ARCHIVER=mb-ar" "COMPILER
TRACE::2026-06-04.23:27:59::SCWMssOS::_FLAGS=  -O2 -c -mcpu=v11.0 -mlittle-endian -mxl-soft-mul" "EXTRA_COMPILER_FLAGS=-g -ffunction-sections -fdata-sections -Wall -
TRACE::2026-06-04.23:27:59::SCWMssOS::Wextra -fno-tree-loop-distribute-patterns"

TRACE::2026-06-04.23:28:00::SCWMssOS::"Running Make libs in microblaze_0/libsrc/uartlite_v3_6/src"

TRACE::2026-06-04.23:28:00::SCWMssOS::make -C microblaze_0/libsrc/uartlite_v3_6/src -s libs  "SHELL=CMD" "COMPILER=mb-gcc" "ASSEMBLER=mb-as" "ARCHIVER=mb-ar" "COMPIL
TRACE::2026-06-04.23:28:00::SCWMssOS::ER_FLAGS=  -O2 -c -mcpu=v11.0 -mlittle-endian -mxl-soft-mul" "EXTRA_COMPILER_FLAGS=-g -ffunction-sections -fdata-sections -Wall
TRACE::2026-06-04.23:28:00::SCWMssOS:: -Wextra -fno-tree-loop-distribute-patterns"

TRACE::2026-06-04.23:28:02::SCWMssOS::"DEBUG NON_LTO_OBJECTS is ../../../lib/microblaze_interrupt_handler.o"

TRACE::2026-06-04.23:28:02::SCWMssOS::'Finished building libraries parallelly.'

TRACE::2026-06-04.23:28:02::SCWMssOS::make --no-print-directory archive

TRACE::2026-06-04.23:28:02::SCWMssOS::mb-ar -r  microblaze_0/lib/libxil.a microblaze_0/lib/xplatform_info.o microblaze_0/lib/xuartlite.o microblaze_0/lib/microblaze_
TRACE::2026-06-04.23:28:02::SCWMssOS::disable_exceptions.o microblaze_0/lib/print.o microblaze_0/lib/xtmrctr_options.o microblaze_0/lib/_exit.o microblaze_0/lib/xil_
TRACE::2026-06-04.23:28:02::SCWMssOS::testio.o microblaze_0/lib/microblaze_disable_dcache.o microblaze_0/lib/microblaze_flush_dcache_range.o microblaze_0/lib/xspi_g.
TRACE::2026-06-04.23:28:02::SCWMssOS::o microblaze_0/lib/microblaze_flush_cache_ext.o microblaze_0/lib/xbram_sinit.o microblaze_0/lib/xspi_sinit.o microblaze_0/lib/x
TRACE::2026-06-04.23:28:02::SCWMssOS::il_misc_psreset_api.o microblaze_0/lib/xspi_selftest.o microblaze_0/lib/xil_cache.o microblaze_0/lib/xil_util.o microblaze_0/li
TRACE::2026-06-04.23:28:02::SCWMssOS::b/inbyte.o microblaze_0/lib/microblaze_exception_handler.o microblaze_0/lib/xbram_g.o microblaze_0/lib/microblaze_scrub.o micro
TRACE::2026-06-04.23:28:02::SCWMssOS::blaze_0/lib/microblaze_invalidate_dcache.o microblaze_0/lib/microblaze_disable_interrupts.o microblaze_0/lib/xbram_selftest.o m
TRACE::2026-06-04.23:28:02::SCWMssOS::icroblaze_0/lib/microblaze_interrupt_handler.o microblaze_0/lib/microblaze_disable_icache.o microblaze_0/lib/xuartlite_sinit.o 
TRACE::2026-06-04.23:28:02::SCWMssOS::microblaze_0/lib/xgpio_g.o microblaze_0/lib/xil_mem.o microblaze_0/lib/xspi_stats.o microblaze_0/lib/microblaze_flush_cache_ext
TRACE::2026-06-04.23:28:02::SCWMssOS::_range.o microblaze_0/lib/xtmrctr_intr.o microblaze_0/lib/xbram_intr.o microblaze_0/lib/xil_sleepcommon.o microblaze_0/lib/xil_
TRACE::2026-06-04.23:28:02::SCWMssOS::printf.o microblaze_0/lib/xintc_g.o microblaze_0/lib/xuartlite_g.o microblaze_0/lib/xtmrctr_l.o microblaze_0/lib/xintc_selftest
TRACE::2026-06-04.23:28:02::SCWMssOS::.o microblaze_0/lib/xintc_l.o microblaze_0/lib/outbyte.o microblaze_0/lib/xgpio_intr.o microblaze_0/lib/microblaze_invalidate_d
TRACE::2026-06-04.23:28:02::SCWMssOS::cache_range.o microblaze_0/lib/microblaze_invalidate_cache_ext.o microblaze_0/lib/microblaze_sleep.o microblaze_0/lib/hw_except
TRACE::2026-06-04.23:28:02::SCWMssOS::ion_handler.o microblaze_0/lib/xtmrctr.o microblaze_0/lib/xuartlite_selftest.o microblaze_0/lib/xgpio_sinit.o microblaze_0/lib/
TRACE::2026-06-04.23:28:02::SCWMssOS::microblaze_update_dcache.o microblaze_0/lib/xil_testcache.o microblaze_0/lib/microblaze_selftest.o microblaze_0/lib/microblaze_
TRACE::2026-06-04.23:28:02::SCWMssOS::interrupts_g.o microblaze_0/lib/microblaze_enable_exceptions.o microblaze_0/lib/xio.o microblaze_0/lib/xtmrctr_g.o microblaze_0
TRACE::2026-06-04.23:28:02::SCWMssOS::/lib/microblaze_enable_dcache.o microblaze_0/lib/xbram.o microblaze_0/lib/microblaze_invalidate_icache_range.o microblaze_0/lib
TRACE::2026-06-04.23:28:02::SCWMssOS::/xtmrctr_selftest.o microblaze_0/lib/microblaze_init_dcache_range.o microblaze_0/lib/microblaze_invalidate_icache.o microblaze_
TRACE::2026-06-04.23:28:02::SCWMssOS::0/lib/xspi_options.o microblaze_0/lib/errno.o microblaze_0/lib/xuartlite_l.o microblaze_0/lib/xintc_options.o microblaze_0/lib/
TRACE::2026-06-04.23:28:02::SCWMssOS::xuartlite_stats.o microblaze_0/lib/microblaze_invalidate_cache_ext_range.o microblaze_0/lib/xintc_intr.o microblaze_0/lib/xil_e
TRACE::2026-06-04.23:28:02::SCWMssOS::xception.o microblaze_0/lib/pvr.o microblaze_0/lib/xgpio.o microblaze_0/lib/xil_testmem.o microblaze_0/lib/microblaze_update_ic
TRACE::2026-06-04.23:28:02::SCWMssOS::ache.o microblaze_0/lib/xuartlite_intr.o microblaze_0/lib/microblaze_flush_dcache.o microblaze_0/lib/xil_clocking.o microblaze_
TRACE::2026-06-04.23:28:02::SCWMssOS::0/lib/xil_assert.o microblaze_0/lib/microblaze_enable_interrupts.o microblaze_0/lib/xgpio_extra.o microblaze_0/lib/xspi.o micro
TRACE::2026-06-04.23:28:02::SCWMssOS::blaze_0/lib/microblaze_enable_icache.o microblaze_0/lib/xintc.o microblaze_0/lib/xtmrctr_stats.o microblaze_0/lib/microblaze_in
TRACE::2026-06-04.23:28:02::SCWMssOS::it_icache_range.o microblaze_0/lib/xtmrctr_sinit.o microblaze_0/lib/fcntl.o microblaze_0/lib/xgpio_selftest.o

TRACE::2026-06-04.23:28:02::SCWMssOS::'Finished building libraries'

TRACE::2026-06-04.23:28:02::SCWMssOS::Copying to export directory.
TRACE::2026-06-04.23:28:02::SCWMssOS:: Checking if to create the Supporting Applications
TRACE::2026-06-04.23:28:02::SCWMssOS:: No Linux domain exists, trying to generate FSBL 
LOG::2026-06-04.23:28:02::SCWSystem::Completed Processing the domain standalone_domain
LOG::2026-06-04.23:28:02::SCWSystem::Completed Processing the sysconfig mb_basic_io
LOG::2026-06-04.23:28:02::SCWPlatform::Completed generating the artifacts for system configuration mb_basic_io
TRACE::2026-06-04.23:28:02::SCWPlatform::Started preparing the platform 
TRACE::2026-06-04.23:28:02::SCWSystem::Writing the bif file for system config mb_basic_io
TRACE::2026-06-04.23:28:02::SCWSystem::dir created 
TRACE::2026-06-04.23:28:02::SCWSystem::Writing the bif 
TRACE::2026-06-04.23:28:02::SCWPlatform::Started writing the spfm file 
TRACE::2026-06-04.23:28:02::SCWPlatform::Started writing the xpfm file 
TRACE::2026-06-04.23:28:02::SCWPlatform::Completed generating the platform
TRACE::2026-06-04.23:28:02::SCWMssOS::Saving the mss changes E:/XilinxProject/IO_exp/IO_exp2.sw/mb_basic_io/microblaze_0/standalone_domain/bsp/system.mss
TRACE::2026-06-04.23:28:02::SCWMssOS::Found a swdesign opened with the mssfile.
TRACE::2026-06-04.23:28:02::SCWMssOS::Completed writemss as part of save.
TRACE::2026-06-04.23:28:02::SCWMssOS::Commit changes completed.
TRACE::2026-06-04.23:28:02::SCWPlatform::Trying to open the hw design at E:/XilinxProject/IO_exp/IO_exp2.sw/mb_basic_io/hw/design_1_wrapper.xsa
TRACE::2026-06-04.23:28:02::SCWPlatform::DSA given E:/XilinxProject/IO_exp/IO_exp2.sw/mb_basic_io/hw/design_1_wrapper.xsa
TRACE::2026-06-04.23:28:02::SCWPlatform::DSA absoulate path E:/XilinxProject/IO_exp/IO_exp2.sw/mb_basic_io/hw/design_1_wrapper.xsa
TRACE::2026-06-04.23:28:02::SCWPlatform::DSA directory E:/XilinxProject/IO_exp/IO_exp2.sw/mb_basic_io/hw
TRACE::2026-06-04.23:28:02::SCWPlatform:: Platform Path E:/XilinxProject/IO_exp/IO_exp2.sw/mb_basic_io/hw/design_1_wrapper.xsa
TRACE::2026-06-04.23:28:02::SCWPlatform:: Unique name xilinx:nexys4_ddr::0.0
TRACE::2026-06-04.23:28:02::SCWPlatform::Trying to set the existing hwdb with name design_1_wrapper
TRACE::2026-06-04.23:28:02::SCWPlatform::Opened existing hwdb design_1_wrapper
TRACE::2026-06-04.23:28:02::SCWPlatform::Found the Hw Db part of the input DSA
TRACE::2026-06-04.23:28:02::SCWMssOS::Checking the sw design at  E:/XilinxProject/IO_exp/IO_exp2.sw/mb_basic_io/microblaze_0/standalone_domain/bsp/system.mss
TRACE::2026-06-04.23:28:02::SCWMssOS::DEBUG:  swdes dump  E:/XilinxProject/IO_exp/IO_exp2.sw/mb_basic_io/microblaze_0/standalone_domain/bsp/system.mss|system||

TRACE::2026-06-04.23:28:02::SCWMssOS::Sw design exists and opened at  E:/XilinxProject/IO_exp/IO_exp2.sw/mb_basic_io/microblaze_0/standalone_domain/bsp/system.mss
TRACE::2026-06-04.23:28:02::SCWWriter::formatted JSON is {
	"platformName":	"mb_basic_io",
	"sprVersion":	"2.0",
	"mode":	"gui",
	"dsaType":	"Fixed",
	"platformDesc":	"mb_basic_io",
	"platHandOff":	"E:/XilinxProject/IO_exp/design_1_wrapper.xsa",
	"platIntHandOff":	"<platformDir>/hw/design_1_wrapper.xsa",
	"deviceType":	"FPGA",
	"platIsPrebuiltAutogen":	"false",
	"platIsNoBootBsp":	"false",
	"hasFsblMakeHasChanges":	"false",
	"hasPmufwMakeHasChanges":	"false",
	"platPreBuiltFlag":	false,
	"platformSamplesDir":	"",
	"platActiveSys":	"mb_basic_io",
	"systems":	[{
			"systemName":	"mb_basic_io",
			"systemDesc":	"mb_basic_io",
			"sysIsBootAutoGen":	"true",
			"systemDispName":	"mb_basic_io",
			"sysActiveDom":	"standalone_domain",
			"sysDefaultDom":	"standalone_domain",
			"domains":	[{
					"domainName":	"standalone_domain",
					"domainDispName":	"standalone on microblaze_0",
					"domainDesc":	"standalone_domain",
					"processors":	"microblaze_0",
					"os":	"standalone",
					"sdxOs":	"standalone",
					"debugEnable":	"False",
					"domRuntimes":	["cpp"],
					"swRepo":	"",
					"mssOsVer":	"7.6",
					"mssFile":	"",
					"md5Digest":	"f3846bf43104bdbfe064a20c4a3cdccd",
					"compatibleApp":	"",
					"domType":	"mssDomain",
					"arch":	"32-bit",
					"appSettings":	{
						"appCompilerFlags":	"",
						"appLinkerFlags":	""
					},
					"addedLibs":	[],
					"libOptions":	{
						"libsContainingOptions":	[]
					},
					"prebuiltLibs":	{
						"prebuiltIncPath":	[],
						"prebuiltLibPath":	[]
					},
					"isolation":	{
					}
				}]
		}]
}
KEYINFO::2026-06-04.23:28:02::SCWPlatform::updated the xpfm file.
TRACE::2026-06-04.23:28:02::SCWPlatform::Trying to open the hw design at E:/XilinxProject/IO_exp/IO_exp2.sw/mb_basic_io/hw/design_1_wrapper.xsa
TRACE::2026-06-04.23:28:02::SCWPlatform::DSA given E:/XilinxProject/IO_exp/IO_exp2.sw/mb_basic_io/hw/design_1_wrapper.xsa
TRACE::2026-06-04.23:28:02::SCWPlatform::DSA absoulate path E:/XilinxProject/IO_exp/IO_exp2.sw/mb_basic_io/hw/design_1_wrapper.xsa
TRACE::2026-06-04.23:28:02::SCWPlatform::DSA directory E:/XilinxProject/IO_exp/IO_exp2.sw/mb_basic_io/hw
TRACE::2026-06-04.23:28:02::SCWPlatform:: Platform Path E:/XilinxProject/IO_exp/IO_exp2.sw/mb_basic_io/hw/design_1_wrapper.xsa
TRACE::2026-06-04.23:28:02::SCWPlatform:: Unique name xilinx:nexys4_ddr::0.0
TRACE::2026-06-04.23:28:02::SCWPlatform::Trying to set the existing hwdb with name design_1_wrapper
TRACE::2026-06-04.23:28:02::SCWPlatform::Opened existing hwdb design_1_wrapper
TRACE::2026-06-04.23:28:02::SCWPlatform::Found the Hw Db part of the input DSA
TRACE::2026-06-04.23:28:02::SCWMssOS::Checking the sw design at  E:/XilinxProject/IO_exp/IO_exp2.sw/mb_basic_io/microblaze_0/standalone_domain/bsp/system.mss
TRACE::2026-06-04.23:28:02::SCWMssOS::DEBUG:  swdes dump  E:/XilinxProject/IO_exp/IO_exp2.sw/mb_basic_io/microblaze_0/standalone_domain/bsp/system.mss|system||

TRACE::2026-06-04.23:28:02::SCWMssOS::Sw design exists and opened at  E:/XilinxProject/IO_exp/IO_exp2.sw/mb_basic_io/microblaze_0/standalone_domain/bsp/system.mss
TRACE::2026-06-05.00:37:57::SCWMssOS::cleaning the bsp 
TRACE::2026-06-05.00:37:57::SCWMssOS::System Command Ran  E: & cd  E:/XilinxProject/IO_exp/IO_exp2.sw/mb_basic_io/microblaze_0/standalone_domain/bsp & make clean 
TRACE::2026-06-05.00:37:57::SCWMssOS::make -C microblaze_0/libsrc/bram_v4_7/src -s clean 

TRACE::2026-06-05.00:37:57::SCWMssOS::make -C microblaze_0/libsrc/cpu_v2_14/src -s clean 

TRACE::2026-06-05.00:37:57::SCWMssOS::make -C microblaze_0/libsrc/gpio_v4_8/src -s clean 

TRACE::2026-06-05.00:37:57::SCWMssOS::make -C microblaze_0/libsrc/intc_v3_13/src -s clean 

TRACE::2026-06-05.00:37:57::SCWMssOS::make -C microblaze_0/libsrc/spi_v4_8/src -s clean 

TRACE::2026-06-05.00:37:58::SCWMssOS::make -C microblaze_0/libsrc/standalone_v7_6/src -s clean 

TRACE::2026-06-05.00:37:58::SCWMssOS::make -C microblaze_0/libsrc/tmrctr_v4_8/src -s clean 

TRACE::2026-06-05.00:37:58::SCWMssOS::make -C microblaze_0/libsrc/uartlite_v3_6/src -s clean 

TRACE::2026-06-05.00:37:58::SCWMssOS::rm -f microblaze_0/lib/libxil.a

TRACE::2026-06-05.00:38:08::SCWMssOS::cleaning the bsp 
TRACE::2026-06-05.00:38:08::SCWMssOS::System Command Ran  E: & cd  E:/XilinxProject/IO_exp/IO_exp2.sw/mb_basic_io/microblaze_0/standalone_domain/bsp & make clean 
TRACE::2026-06-05.00:38:09::SCWMssOS::make -C microblaze_0/libsrc/bram_v4_7/src -s clean 

TRACE::2026-06-05.00:38:09::SCWMssOS::make -C microblaze_0/libsrc/cpu_v2_14/src -s clean 

TRACE::2026-06-05.00:38:09::SCWMssOS::make -C microblaze_0/libsrc/gpio_v4_8/src -s clean 

TRACE::2026-06-05.00:38:09::SCWMssOS::make -C microblaze_0/libsrc/intc_v3_13/src -s clean 

TRACE::2026-06-05.00:38:09::SCWMssOS::make -C microblaze_0/libsrc/spi_v4_8/src -s clean 

TRACE::2026-06-05.00:38:09::SCWMssOS::make -C microblaze_0/libsrc/standalone_v7_6/src -s clean 

TRACE::2026-06-05.00:38:10::SCWMssOS::make -C microblaze_0/libsrc/tmrctr_v4_8/src -s clean 

TRACE::2026-06-05.00:38:10::SCWMssOS::make -C microblaze_0/libsrc/uartlite_v3_6/src -s clean 

TRACE::2026-06-05.00:38:10::SCWMssOS::rm -f microblaze_0/lib/libxil.a

TRACE::2026-06-05.00:38:32::SCWMssOS::cleaning the bsp 
TRACE::2026-06-05.00:38:32::SCWMssOS::System Command Ran  E: & cd  E:/XilinxProject/IO_exp/IO_exp2.sw/mb_basic_io/microblaze_0/standalone_domain/bsp & make clean 
TRACE::2026-06-05.00:38:32::SCWMssOS::make -C microblaze_0/libsrc/bram_v4_7/src -s clean 

TRACE::2026-06-05.00:38:32::SCWMssOS::make -C microblaze_0/libsrc/cpu_v2_14/src -s clean 

TRACE::2026-06-05.00:38:32::SCWMssOS::make -C microblaze_0/libsrc/gpio_v4_8/src -s clean 

TRACE::2026-06-05.00:38:32::SCWMssOS::make -C microblaze_0/libsrc/intc_v3_13/src -s clean 

TRACE::2026-06-05.00:38:32::SCWMssOS::make -C microblaze_0/libsrc/spi_v4_8/src -s clean 

TRACE::2026-06-05.00:38:32::SCWMssOS::make -C microblaze_0/libsrc/standalone_v7_6/src -s clean 

TRACE::2026-06-05.00:38:33::SCWMssOS::make -C microblaze_0/libsrc/tmrctr_v4_8/src -s clean 

TRACE::2026-06-05.00:38:33::SCWMssOS::make -C microblaze_0/libsrc/uartlite_v3_6/src -s clean 

TRACE::2026-06-05.00:38:33::SCWMssOS::rm -f microblaze_0/lib/libxil.a

